cdr_id,caller_person_id,receiver_person_id,duration_seconds,call_date
CDR0001,P060,P137,1522,2025-11-21
CDR0002,P010,P045,865,2026-03-05
CDR0003,P046,P010,1722,2025-10-15
CDR0004,P102,P127,391,2026-08-05
CDR0005,P075,P010,28,2025-10-18
CDR0006,P077,P146,1244,2025-09-11
CDR0007,P028,P086,592,2026-07-13
CDR0008,P117,P140,1083,2026-04-12
CDR0009,P127,P035,1752,2026-04-17
CDR0010,P130,P120,568,2026-09-03
CDR0011,P050,P029,687,2026-06-02
CDR0012,P042,P118,1337,2025-10-21
CDR0013,P066,P048,38,2026-02-20
CDR0014,P087,P076,1172,2026-05-27
CDR0015,P050,P045,1261,2026-04-16
CDR0016,P104,P110,1065,2026-08-30
CDR0017,P084,P023,830,2026-05-19
CDR0018,P025,P048,297,2026-08-26
CDR0019,P123,P083,518,2026-07-29
CDR0020,P002,P067,795,2025-11-14
CDR0021,P061,P115,1553,2026-08-31
CDR0022,P069,P085,628,2026-06-06
CDR0023,P150,P147,33,2025-09-26
CDR0024,P067,P093,1428,2026-09-01
CDR0025,P061,P016,1377,2025-09-26
CDR0026,P031,P120,638,2025-10-13
CDR0027,P041,P104,1415,2025-12-17
CDR0028,P129,P080,1423,2026-08-06
CDR0029,P031,P076,762,2026-06-20
CDR0030,P057,P035,989,2025-12-09
CDR0031,P040,P117,1541,2025-11-13
CDR0032,P096,P107,1447,2026-02-01
CDR0033,P141,P121,1561,2026-01-17
CDR0034,P138,P056,1570,2026-02-02
CDR0035,P064,P021,1086,2026-08-01
CDR0036,P115,P136,1451,2026-07-31
CDR0037,P093,P020,1165,2026-04-16
CDR0038,P029,P016,1707,2026-03-24
CDR0039,P141,P130,424,2025-11-19
CDR0040,P147,P138,316,2026-08-18
CDR0041,P043,P084,1759,2026-04-18
CDR0042,P134,P114,248,2025-11-11
CDR0043,P053,P150,1011,2025-11-12
CDR0044,P024,P131,922,2026-06-24
CDR0045,P015,P117,280,2026-08-01
CDR0046,P132,P107,945,2026-01-25
CDR0047,P145,P015,1154,2026-09-02
CDR0048,P119,P079,1491,2026-06-12
CDR0049,P006,P102,531,2026-08-02
CDR0050,P001,P056,1194,2026-06-23
CDR0051,P019,P012,877,2025-09-23
CDR0052,P089,P017,1118,2026-05-24
CDR0053,P016,P018,976,2026-06-23
CDR0054,P009,P074,847,2026-02-16
CDR0055,P047,P035,1578,2026-03-11
CDR0056,P108,P096,793,2026-08-24
CDR0057,P115,P097,779,2025-09-19
CDR0058,P021,P139,282,2026-08-12
CDR0059,P090,P031,375,2026-06-28
CDR0060,P138,P101,1093,2025-10-10
CDR0061,P033,P058,1719,2026-06-16
CDR0062,P001,P006,621,2026-03-29
CDR0063,P119,P140,878,2026-02-27
CDR0064,P137,P098,1696,2026-02-13
CDR0065,P059,P064,953,2026-03-28
CDR0066,P089,P040,574,2026-05-29
CDR0067,P049,P029,75,2026-07-10
CDR0068,P108,P005,502,2026-08-07
CDR0069,P053,P018,216,2025-11-08
CDR0070,P009,P115,1234,2025-09-17
CDR0071,P013,P063,1526,2025-11-30
CDR0072,P012,P103,908,2026-05-04
CDR0073,P060,P139,454,2026-04-30
CDR0074,P015,P036,1041,2025-10-14
CDR0075,P075,P060,1680,2026-05-27
CDR0076,P148,P082,1192,2026-08-06
CDR0077,P083,P061,628,2025-11-16
CDR0078,P037,P134,462,2026-07-06
CDR0079,P106,P077,573,2025-10-19
CDR0080,P016,P143,1221,2026-01-11
CDR0081,P045,P110,1148,2026-01-14
CDR0082,P127,P013,715,2026-07-09
CDR0083,P098,P135,662,2026-08-04
CDR0084,P107,P105,315,2026-04-26
CDR0085,P077,P097,386,2026-08-19
CDR0086,P138,P122,503,2026-07-04
CDR0087,P058,P077,1766,2026-02-21
CDR0088,P037,P119,128,2025-12-17
CDR0089,P144,P106,863,2025-12-17
CDR0090,P143,P136,284,2026-04-28
CDR0091,P100,P063,532,2025-12-28
CDR0092,P053,P085,1334,2025-09-12
CDR0093,P021,P116,1744,2026-04-20
CDR0094,P095,P024,1106,2026-01-19
CDR0095,P049,P014,559,2026-01-14
CDR0096,P097,P011,1799,2026-01-13
CDR0097,P019,P049,1657,2026-05-20
CDR0098,P144,P056,991,2026-05-29
CDR0099,P054,P086,630,2026-01-15
CDR0100,P004,P055,399,2026-01-01
CDR0101,P031,P123,506,2025-09-29
CDR0102,P053,P102,500,2025-11-04
CDR0103,P142,P083,1598,2026-04-21
CDR0104,P073,P098,964,2026-02-16
CDR0105,P137,P092,641,2025-09-21
CDR0106,P067,P093,1060,2026-08-07
CDR0107,P128,P120,211,2025-11-05
CDR0108,P121,P082,426,2026-04-20
CDR0109,P095,P081,857,2026-04-07
CDR0110,P012,P145,1779,2025-11-23
CDR0111,P057,P038,43,2026-08-26
CDR0112,P067,P142,1206,2026-07-06
CDR0113,P149,P107,614,2026-05-13
CDR0114,P040,P051,685,2025-12-01
CDR0115,P059,P098,1176,2026-07-15
CDR0116,P063,P128,1137,2025-12-21
CDR0117,P087,P066,1573,2026-01-14
CDR0118,P126,P118,354,2025-11-18
CDR0119,P091,P044,296,2026-04-15
CDR0120,P140,P126,386,2026-06-19
CDR0121,P139,P016,1083,2026-06-06
CDR0122,P009,P020,1685,2026-06-15
CDR0123,P013,P002,854,2025-11-15
CDR0124,P036,P060,149,2026-01-26
CDR0125,P039,P003,457,2025-10-26
CDR0126,P130,P117,774,2026-04-24
CDR0127,P016,P124,1360,2025-12-10
CDR0128,P125,P005,23,2025-09-10
CDR0129,P137,P142,852,2025-12-16
CDR0130,P004,P005,1094,2026-03-19
CDR0131,P071,P138,597,2025-10-24
CDR0132,P005,P129,1675,2026-05-07
CDR0133,P111,P046,229,2025-12-16
CDR0134,P025,P135,314,2025-09-07
CDR0135,P062,P050,1279,2026-02-16
CDR0136,P135,P065,1679,2026-02-15
CDR0137,P091,P069,1638,2026-04-23
CDR0138,P102,P021,774,2026-04-21
CDR0139,P104,P118,1167,2025-10-06
CDR0140,P063,P058,624,2026-04-25
CDR0141,P021,P009,201,2026-07-26
CDR0142,P104,P098,782,2026-06-02
CDR0143,P142,P122,124,2026-05-24
CDR0144,P003,P044,179,2026-07-11
CDR0145,P128,P112,1330,2026-01-09
CDR0146,P085,P145,1767,2026-03-01
CDR0147,P025,P136,97,2026-01-22
CDR0148,P059,P055,1787,2025-10-17
CDR0149,P146,P122,565,2025-09-21
CDR0150,P012,P020,1411,2025-10-09
CDR0151,P072,P140,1164,2025-10-17
CDR0152,P009,P046,1751,2026-08-23
CDR0153,P081,P005,434,2026-08-07
CDR0154,P037,P102,167,2026-06-13
CDR0155,P077,P042,1164,2025-09-17
CDR0156,P062,P146,1719,2026-04-08
CDR0157,P100,P139,689,2026-03-20
CDR0158,P099,P036,1628,2026-04-17
CDR0159,P021,P129,1536,2026-01-30
CDR0160,P089,P014,210,2026-08-08
CDR0161,P112,P060,1727,2025-11-27
CDR0162,P020,P088,1249,2025-09-26
CDR0163,P102,P084,70,2026-01-11
CDR0164,P070,P116,1014,2025-12-30
CDR0165,P059,P092,1142,2026-02-14
CDR0166,P097,P111,390,2026-05-26
CDR0167,P150,P098,185,2026-06-14
CDR0168,P076,P064,1470,2025-12-17
CDR0169,P019,P022,558,2025-11-16
CDR0170,P040,P098,1467,2025-11-06
CDR0171,P040,P100,658,2026-07-24
CDR0172,P093,P028,197,2026-07-24
CDR0173,P002,P079,920,2026-04-03
CDR0174,P093,P070,219,2025-10-21
CDR0175,P034,P023,393,2026-03-09
CDR0176,P111,P115,1150,2026-07-30
CDR0177,P143,P132,845,2026-08-05
CDR0178,P027,P007,193,2025-11-10
CDR0179,P091,P142,200,2026-07-03
CDR0180,P084,P099,35,2026-03-05
CDR0181,P075,P106,804,2026-06-27
CDR0182,P022,P144,507,2025-09-19
CDR0183,P147,P134,357,2026-04-10
CDR0184,P098,P044,294,2026-07-25
CDR0185,P069,P078,559,2026-07-07
CDR0186,P127,P038,139,2026-01-08
CDR0187,P043,P112,575,2026-03-03
CDR0188,P108,P077,1001,2025-10-31
CDR0189,P020,P093,525,2025-09-14
CDR0190,P064,P127,1226,2025-11-07
CDR0191,P051,P118,229,2025-11-23
CDR0192,P035,P078,23,2026-07-23
CDR0193,P102,P086,1733,2026-07-21
CDR0194,P098,P085,911,2026-06-21
CDR0195,P086,P111,1680,2026-06-08
CDR0196,P035,P077,666,2026-03-16
CDR0197,P052,P123,653,2025-12-21
CDR0198,P046,P102,663,2026-04-26
CDR0199,P075,P126,1189,2026-05-07
CDR0200,P063,P084,780,2026-07-24
CDR0201,P072,P101,757,2026-03-07
CDR0202,P030,P145,419,2026-05-10
CDR0203,P140,P047,1406,2026-06-14
CDR0204,P141,P007,1499,2026-07-10
CDR0205,P119,P054,907,2025-10-24
CDR0206,P075,P018,1687,2026-06-28
CDR0207,P105,P128,295,2026-02-24
CDR0208,P078,P062,527,2025-12-24
CDR0209,P040,P109,1626,2026-06-18
CDR0210,P097,P019,929,2026-05-08
CDR0211,P123,P150,830,2025-12-12
CDR0212,P137,P130,1791,2026-05-02
CDR0213,P108,P140,85,2025-09-09
CDR0214,P093,P138,1226,2025-12-18
CDR0215,P022,P028,1584,2026-05-11
CDR0216,P064,P091,350,2026-01-12
CDR0217,P012,P145,1331,2026-04-28
CDR0218,P103,P085,1640,2026-09-02
CDR0219,P111,P028,31,2026-03-14
CDR0220,P026,P067,464,2026-01-25
CDR0221,P131,P133,1152,2026-01-25
CDR0222,P149,P148,462,2026-06-08
CDR0223,P115,P096,811,2025-11-18
CDR0224,P119,P129,318,2025-10-30
CDR0225,P089,P007,998,2026-04-16
CDR0226,P027,P076,861,2026-07-26
CDR0227,P022,P030,1712,2025-10-28
CDR0228,P037,P090,648,2026-08-18
CDR0229,P088,P117,1616,2026-06-02
CDR0230,P053,P134,999,2026-05-31
CDR0231,P090,P122,209,2026-01-23
CDR0232,P113,P116,663,2026-07-25
CDR0233,P018,P077,101,2026-04-05
CDR0234,P030,P006,1749,2025-09-18
CDR0235,P088,P028,1396,2025-10-03
CDR0236,P043,P063,1066,2026-05-11
CDR0237,P045,P142,337,2026-01-28
CDR0238,P085,P144,883,2026-08-15
CDR0239,P119,P060,1643,2026-05-02
CDR0240,P104,P048,391,2025-11-06
CDR0241,P111,P102,69,2025-10-19
CDR0242,P051,P116,1222,2025-11-10
CDR0243,P110,P100,19,2026-08-22
CDR0244,P055,P053,580,2025-09-17
CDR0245,P017,P148,218,2026-01-27
CDR0246,P138,P048,759,2025-10-17
CDR0247,P084,P051,947,2026-08-24
CDR0248,P030,P068,1383,2026-01-19
CDR0249,P126,P136,1318,2026-01-15
CDR0250,P081,P100,1261,2026-03-22
CDR0251,P101,P030,722,2026-03-05
CDR0252,P091,P118,1274,2025-09-27
CDR0253,P045,P077,1268,2025-10-21
CDR0254,P022,P035,651,2026-03-07
CDR0255,P031,P062,635,2026-06-01
CDR0256,P030,P047,774,2026-08-14
CDR0257,P037,P131,805,2025-12-16
CDR0258,P108,P036,1187,2026-05-11
CDR0259,P099,P109,390,2026-06-11
CDR0260,P125,P138,1430,2025-11-25
CDR0261,P045,P143,351,2025-11-15
CDR0262,P126,P074,297,2026-08-27
CDR0263,P048,P081,1734,2026-04-02
CDR0264,P116,P014,1782,2025-12-22
CDR0265,P092,P003,1002,2026-02-02
CDR0266,P035,P050,1679,2026-08-29
CDR0267,P099,P144,1045,2026-01-11
CDR0268,P127,P105,1412,2026-02-10
CDR0269,P126,P107,1464,2026-08-12
CDR0270,P114,P126,352,2025-12-10
CDR0271,P022,P145,73,2026-07-31
CDR0272,P057,P075,76,2026-01-08
CDR0273,P071,P058,1111,2026-04-05
CDR0274,P074,P044,1608,2026-02-17
CDR0275,P118,P145,1530,2026-07-18
CDR0276,P127,P141,1056,2026-08-26
CDR0277,P029,P147,243,2025-10-15
CDR0278,P069,P140,1696,2026-05-04
CDR0279,P094,P139,1694,2026-03-03
CDR0280,P011,P113,1128,2026-01-01
CDR0281,P056,P109,219,2025-11-18
CDR0282,P064,P077,76,2025-12-08
CDR0283,P116,P068,723,2026-04-23
CDR0284,P023,P113,1782,2025-09-20
CDR0285,P031,P061,439,2026-06-23
CDR0286,P090,P110,349,2026-07-05
CDR0287,P036,P053,1676,2025-11-08
CDR0288,P053,P016,1177,2026-06-16
CDR0289,P090,P137,585,2026-07-07
CDR0290,P138,P044,672,2026-05-16
CDR0291,P075,P147,557,2026-05-08
CDR0292,P132,P025,287,2025-10-03
CDR0293,P106,P016,577,2025-10-25
CDR0294,P033,P034,521,2025-09-20
CDR0295,P038,P083,1706,2025-11-15
CDR0296,P064,P101,1012,2026-06-09
CDR0297,P037,P148,1305,2026-07-10
CDR0298,P069,P107,778,2026-01-06
CDR0299,P116,P020,1307,2026-02-02
CDR0300,P024,P104,1065,2026-01-17
CDR0301,P072,P095,941,2026-05-25
CDR0302,P125,P084,1201,2026-03-20
CDR0303,P001,P024,1506,2026-04-18
CDR0304,P118,P092,1751,2026-01-16
CDR0305,P017,P137,824,2026-02-25
CDR0306,P056,P110,1699,2026-01-05
CDR0307,P055,P127,559,2025-12-12
CDR0308,P083,P073,701,2026-05-03
CDR0309,P141,P148,277,2025-11-06
CDR0310,P145,P125,1624,2025-10-03
CDR0311,P088,P013,104,2026-03-23
CDR0312,P026,P118,43,2026-03-18
CDR0313,P032,P041,913,2026-02-12
CDR0314,P117,P001,886,2026-03-06
CDR0315,P052,P034,1341,2025-09-15
CDR0316,P078,P041,1800,2026-05-26
CDR0317,P071,P024,1350,2025-09-21
CDR0318,P093,P065,178,2026-05-26
CDR0319,P096,P043,116,2026-08-14
CDR0320,P102,P079,1496,2026-03-25
CDR0321,P060,P110,1352,2026-03-03
CDR0322,P024,P025,12,2025-11-20
CDR0323,P055,P123,169,2026-03-20
CDR0324,P034,P058,1073,2025-12-22
CDR0325,P114,P003,26,2026-02-02
CDR0326,P088,P031,1771,2026-07-08
CDR0327,P109,P034,988,2026-03-09
CDR0328,P019,P059,794,2026-03-15
CDR0329,P023,P027,221,2026-02-16
CDR0330,P081,P095,622,2026-01-23
CDR0331,P036,P098,1594,2025-09-24
CDR0332,P035,P037,150,2026-04-19
CDR0333,P136,P145,27,2026-02-16
CDR0334,P043,P113,729,2026-03-11
CDR0335,P055,P039,853,2026-03-22
CDR0336,P114,P056,187,2025-09-07
CDR0337,P026,P036,1551,2026-04-24
CDR0338,P032,P099,729,2026-05-06
CDR0339,P110,P081,1630,2025-10-30
CDR0340,P036,P064,577,2026-08-10
CDR0341,P022,P064,1143,2025-12-17
CDR0342,P073,P007,1746,2026-05-22
CDR0343,P078,P053,1070,2026-01-19
CDR0344,P131,P049,1541,2026-04-07
CDR0345,P101,P076,1333,2026-06-25
CDR0346,P014,P062,1023,2026-01-12
CDR0347,P099,P029,503,2026-05-24
CDR0348,P128,P019,1091,2026-06-21
CDR0349,P004,P093,658,2026-08-05
CDR0350,P034,P100,1772,2026-04-03
CDR0351,P146,P108,758,2026-06-05
CDR0352,P140,P045,1572,2025-11-28
CDR0353,P121,P019,44,2025-09-07
CDR0354,P018,P004,546,2026-07-14
CDR0355,P056,P011,133,2026-08-23
CDR0356,P102,P130,596,2026-04-03
CDR0357,P129,P107,877,2025-11-02
CDR0358,P103,P022,1321,2026-06-26
CDR0359,P138,P040,578,2026-04-02
CDR0360,P022,P080,171,2026-01-14
CDR0361,P131,P053,1664,2025-09-15
CDR0362,P040,P138,679,2026-06-10
CDR0363,P101,P017,645,2026-04-06
CDR0364,P112,P062,128,2026-01-21
CDR0365,P063,P023,899,2026-02-05
CDR0366,P030,P117,1263,2026-03-27
CDR0367,P015,P080,1374,2026-05-19
CDR0368,P045,P031,35,2025-12-15
CDR0369,P036,P003,345,2025-11-04
CDR0370,P128,P089,1081,2026-08-16
CDR0371,P133,P067,351,2026-07-24
CDR0372,P096,P033,1545,2026-02-21
CDR0373,P069,P031,1589,2025-09-08
CDR0374,P008,P086,1662,2026-02-14
CDR0375,P110,P070,1082,2026-08-06
CDR0376,P017,P068,1468,2026-05-11
CDR0377,P148,P020,1026,2025-09-03
CDR0378,P117,P131,747,2025-09-05
CDR0379,P015,P128,1769,2026-01-20
CDR0380,P146,P043,763,2026-07-22
CDR0381,P041,P066,1593,2025-11-06
CDR0382,P027,P147,1390,2025-09-27
CDR0383,P030,P059,1527,2025-11-17
CDR0384,P131,P001,100,2026-06-19
CDR0385,P004,P063,104,2025-11-06
CDR0386,P121,P094,794,2026-08-02
CDR0387,P039,P046,1766,2025-12-19
CDR0388,P010,P142,1654,2026-07-15
CDR0389,P108,P058,669,2026-05-30
CDR0390,P064,P107,1485,2025-09-17
CDR0391,P082,P070,1701,2026-07-31
CDR0392,P020,P147,773,2025-09-23
CDR0393,P031,P129,1388,2026-05-30
CDR0394,P014,P046,467,2025-10-19
CDR0395,P133,P012,831,2026-06-21
CDR0396,P018,P120,1783,2025-12-21
CDR0397,P073,P080,680,2025-11-13
CDR0398,P023,P142,945,2026-07-22
CDR0399,P003,P095,420,2026-05-25
CDR0400,P075,P145,1616,2026-01-10
CDR0401,P078,P063,960,2025-11-05
CDR0402,P095,P127,1592,2025-11-28
CDR0403,P051,P140,1567,2025-11-09
CDR0404,P063,P039,23,2026-07-27
CDR0405,P105,P007,487,2026-06-26
CDR0406,P139,P089,1312,2026-07-10
CDR0407,P003,P086,12,2025-09-11
CDR0408,P097,P079,222,2025-12-27
CDR0409,P053,P136,497,2025-11-10
CDR0410,P108,P126,132,2026-04-09
CDR0411,P037,P072,200,2026-03-01
CDR0412,P012,P060,1741,2025-10-20
CDR0413,P134,P106,1445,2026-03-21
CDR0414,P096,P118,1541,2026-05-23
CDR0415,P022,P149,205,2026-02-17
CDR0416,P130,P035,1315,2025-09-16
CDR0417,P101,P020,1222,2026-01-18
CDR0418,P146,P016,900,2026-01-13
CDR0419,P034,P061,607,2025-11-26
CDR0420,P067,P081,1650,2025-09-03
CDR0421,P101,P084,661,2025-12-28
CDR0422,P116,P070,488,2025-09-23
CDR0423,P020,P052,288,2026-07-03
CDR0424,P150,P028,328,2026-03-07
CDR0425,P028,P043,930,2026-06-19
CDR0426,P120,P081,842,2026-02-20
CDR0427,P031,P138,743,2025-12-02
CDR0428,P054,P116,641,2026-02-26
CDR0429,P119,P068,1755,2026-06-11
CDR0430,P031,P024,332,2026-01-05
CDR0431,P078,P011,450,2026-05-22
CDR0432,P084,P038,196,2026-01-27
CDR0433,P064,P092,821,2026-07-03
CDR0434,P132,P013,1396,2026-05-07
CDR0435,P077,P067,1689,2025-10-16
CDR0436,P045,P008,838,2025-12-11
CDR0437,P116,P143,1542,2026-01-19
CDR0438,P141,P064,203,2025-12-25
CDR0439,P119,P027,1656,2025-12-21
CDR0440,P036,P032,34,2026-02-09
CDR0441,P016,P057,277,2025-12-12
CDR0442,P051,P103,772,2026-03-22
CDR0443,P022,P150,1210,2026-03-19
CDR0444,P067,P020,54,2026-01-18
CDR0445,P017,P051,1332,2026-03-15
CDR0446,P114,P033,198,2025-09-17
CDR0447,P085,P032,97,2026-06-10
CDR0448,P119,P013,354,2026-03-30
CDR0449,P147,P111,1692,2025-10-08
CDR0450,P102,P128,70,2026-01-30
CDR0451,P098,P110,363,2026-01-17
CDR0452,P091,P055,393,2026-03-23
CDR0453,P071,P072,923,2025-11-19
CDR0454,P039,P009,1267,2026-02-16
CDR0455,P063,P076,1031,2026-08-30
CDR0456,P106,P141,991,2026-08-26
CDR0457,P016,P023,582,2026-01-31
CDR0458,P099,P036,868,2025-12-07
CDR0459,P052,P135,520,2026-05-05
CDR0460,P140,P005,793,2025-10-20
CDR0461,P092,P123,1125,2025-09-04
CDR0462,P125,P089,1168,2025-10-18
CDR0463,P129,P083,805,2026-07-19
CDR0464,P070,P047,63,2026-08-29
CDR0465,P082,P057,70,2025-09-25
CDR0466,P072,P015,1666,2026-03-31
CDR0467,P121,P136,742,2026-04-22
CDR0468,P150,P060,336,2025-11-15
CDR0469,P026,P064,1355,2026-01-24
CDR0470,P062,P069,1102,2025-10-23
CDR0471,P015,P057,1189,2025-10-16
CDR0472,P100,P091,1728,2026-05-01
CDR0473,P045,P046,494,2026-04-29
CDR0474,P082,P092,1221,2026-01-20
CDR0475,P008,P091,1172,2025-09-30
CDR0476,P145,P037,1163,2026-06-26
CDR0477,P049,P127,1120,2026-05-31
CDR0478,P080,P045,1014,2025-10-24
CDR0479,P010,P024,125,2025-12-30
CDR0480,P060,P057,50,2026-03-28
CDR0481,P135,P123,11,2025-11-22
CDR0482,P085,P052,1661,2025-11-27
CDR0483,P034,P088,1478,2025-12-19
CDR0484,P046,P083,131,2026-06-28
CDR0485,P006,P038,1211,2026-06-30
CDR0486,P037,P029,1743,2025-10-30
CDR0487,P135,P094,158,2026-07-27
CDR0488,P096,P102,1210,2026-06-24
CDR0489,P026,P087,628,2025-12-02
CDR0490,P083,P035,332,2025-09-23
CDR0491,P112,P125,1339,2026-04-14
CDR0492,P082,P045,1458,2026-03-15
CDR0493,P144,P092,467,2026-02-15
CDR0494,P045,P097,638,2026-07-06
CDR0495,P076,P033,373,2026-01-20
CDR0496,P001,P147,811,2026-06-13
CDR0497,P146,P009,382,2026-09-02
CDR0498,P082,P057,1319,2026-06-03
CDR0499,P145,P027,1026,2025-12-31
CDR0500,P037,P085,1536,2025-09-18
CDR0501,P020,P061,720,2026-05-18
CDR0502,P082,P043,1312,2025-09-08
CDR0503,P023,P086,924,2026-03-21
CDR0504,P003,P068,439,2025-10-27
CDR0505,P064,P018,727,2025-10-27
CDR0506,P066,P028,1485,2026-01-24
CDR0507,P001,P013,800,2025-09-26
CDR0508,P113,P108,350,2026-03-13
CDR0509,P106,P127,785,2026-01-21
CDR0510,P090,P140,778,2026-08-07
CDR0511,P026,P123,1625,2026-05-05
CDR0512,P148,P058,343,2025-11-26
CDR0513,P116,P019,1646,2025-09-27
CDR0514,P009,P076,51,2026-01-28
CDR0515,P082,P067,224,2026-07-15
CDR0516,P019,P088,358,2026-04-19
CDR0517,P097,P042,1509,2026-07-27
CDR0518,P020,P141,200,2026-03-09
CDR0519,P087,P124,1452,2026-04-11
CDR0520,P008,P111,1348,2026-08-16
CDR0521,P043,P112,331,2025-10-11
CDR0522,P014,P026,688,2025-09-19
CDR0523,P053,P049,848,2025-12-11
CDR0524,P142,P139,553,2026-01-19
CDR0525,P073,P077,496,2025-12-20
CDR0526,P025,P013,814,2026-03-21
CDR0527,P147,P141,1730,2026-03-04
CDR0528,P126,P040,121,2026-06-11
CDR0529,P093,P001,885,2026-03-08
CDR0530,P023,P076,1697,2025-11-29
CDR0531,P123,P052,208,2025-12-12
CDR0532,P007,P053,359,2025-10-12
CDR0533,P075,P021,979,2026-05-17
CDR0534,P030,P079,1617,2026-02-07
CDR0535,P102,P121,1011,2026-06-15
CDR0536,P068,P024,1324,2026-05-10
CDR0537,P140,P100,388,2026-07-25
CDR0538,P095,P098,766,2026-02-11
CDR0539,P048,P115,101,2025-12-23
CDR0540,P068,P113,962,2025-09-03
CDR0541,P068,P058,1724,2026-07-31
CDR0542,P069,P145,136,2026-06-15
CDR0543,P039,P025,185,2025-10-29
CDR0544,P089,P139,857,2025-12-07
CDR0545,P059,P142,134,2025-09-23
CDR0546,P100,P134,867,2025-09-21
CDR0547,P138,P122,1182,2026-08-10
CDR0548,P061,P122,622,2026-03-26
CDR0549,P021,P102,1758,2025-12-11
CDR0550,P009,P129,1179,2026-07-26
CDR0551,P133,P147,1397,2026-01-05
CDR0552,P038,P031,1560,2026-04-28
CDR0553,P115,P045,352,2026-09-01
CDR0554,P055,P050,268,2025-10-31
CDR0555,P011,P109,170,2025-11-11
CDR0556,P112,P052,1694,2026-03-24
CDR0557,P038,P067,664,2026-02-01
CDR0558,P018,P023,804,2025-10-29
CDR0559,P143,P102,1140,2025-09-12
CDR0560,P084,P071,1074,2026-03-20
CDR0561,P118,P004,1620,2026-03-10
CDR0562,P134,P108,240,2026-04-03
CDR0563,P107,P039,313,2026-01-07
CDR0564,P146,P150,1563,2026-01-04
CDR0565,P026,P028,1162,2025-11-10
CDR0566,P026,P074,1786,2025-11-05
CDR0567,P138,P089,851,2026-01-09
CDR0568,P068,P099,1351,2026-03-26
CDR0569,P125,P147,1257,2026-04-03
CDR0570,P122,P010,362,2026-06-24
CDR0571,P071,P104,304,2026-07-24
CDR0572,P103,P010,820,2026-04-28
CDR0573,P085,P061,110,2026-03-18
CDR0574,P122,P069,772,2026-08-27
CDR0575,P006,P087,1684,2026-02-04
CDR0576,P078,P080,584,2026-02-03
CDR0577,P126,P026,1789,2025-09-07
CDR0578,P059,P035,625,2026-03-11
CDR0579,P114,P083,561,2025-11-10
CDR0580,P107,P023,394,2026-01-06
CDR0581,P114,P055,1697,2025-11-14
CDR0582,P105,P125,1565,2026-02-09
CDR0583,P133,P096,1691,2026-08-20
CDR0584,P015,P132,1630,2026-04-04
CDR0585,P041,P017,647,2026-04-19
CDR0586,P130,P104,287,2026-05-12
CDR0587,P135,P146,69,2026-06-10
CDR0588,P045,P050,1715,2025-10-16
CDR0589,P052,P015,520,2026-01-08
CDR0590,P009,P117,113,2025-12-30
CDR0591,P093,P051,571,2026-08-25
CDR0592,P095,P119,1044,2025-12-13
CDR0593,P102,P032,1405,2026-01-26
CDR0594,P008,P062,772,2026-07-30
CDR0595,P126,P115,373,2026-06-10
CDR0596,P122,P142,726,2026-05-02
CDR0597,P089,P042,1725,2025-11-15
CDR0598,P067,P024,593,2026-05-26
CDR0599,P008,P099,111,2026-02-10
CDR0600,P042,P147,1607,2026-06-27
CDR0601,P055,P057,1335,2026-04-22
CDR0602,P058,P053,561,2026-04-16
CDR0603,P105,P132,51,2026-03-08
CDR0604,P003,P122,280,2026-02-07
CDR0605,P045,P003,468,2025-10-09
CDR0606,P065,P079,1469,2025-12-27
CDR0607,P071,P109,781,2026-07-07
CDR0608,P090,P118,526,2026-02-14
CDR0609,P056,P120,628,2026-07-07
CDR0610,P134,P102,1207,2025-11-07
CDR0611,P027,P002,1057,2026-04-02
CDR0612,P096,P144,1335,2026-01-21
CDR0613,P073,P077,1411,2026-01-02
CDR0614,P028,P124,140,2026-06-10
CDR0615,P087,P071,1321,2026-04-30
CDR0616,P084,P071,544,2026-05-29
CDR0617,P077,P049,317,2026-08-18
CDR0618,P133,P062,126,2026-02-25
CDR0619,P104,P082,1404,2026-05-01
CDR0620,P036,P007,1352,2025-10-05
CDR0621,P128,P076,541,2025-09-24
CDR0622,P108,P104,805,2026-04-13
CDR0623,P010,P150,1460,2026-05-29
CDR0624,P147,P049,712,2026-01-20
CDR0625,P057,P137,1317,2026-01-02
CDR0626,P122,P092,1048,2026-04-22
CDR0627,P077,P044,1731,2025-09-23
CDR0628,P143,P047,611,2025-12-15
CDR0629,P025,P121,272,2026-05-14
CDR0630,P067,P144,1572,2026-06-12
CDR0631,P047,P086,1350,2026-07-10
CDR0632,P023,P057,737,2026-05-15
CDR0633,P058,P079,871,2025-12-29
CDR0634,P085,P096,543,2026-07-15
CDR0635,P150,P076,959,2026-04-01
CDR0636,P031,P121,119,2026-04-15
CDR0637,P150,P149,1281,2025-11-25
CDR0638,P019,P121,408,2025-09-23
CDR0639,P129,P031,1786,2025-11-07
CDR0640,P098,P136,621,2026-03-24
CDR0641,P106,P014,1793,2026-03-03
CDR0642,P039,P036,420,2026-04-30
CDR0643,P088,P105,1176,2026-01-08
CDR0644,P118,P037,657,2026-05-28
CDR0645,P047,P021,1008,2025-11-07
CDR0646,P086,P046,651,2026-03-08
CDR0647,P015,P002,935,2026-03-31
CDR0648,P071,P054,1568,2026-04-06
CDR0649,P044,P148,1575,2026-06-26
CDR0650,P041,P126,1618,2025-10-01
CDR0651,P023,P034,1268,2026-03-13
CDR0652,P112,P110,836,2025-10-25
CDR0653,P110,P123,795,2026-07-06
CDR0654,P002,P010,1103,2026-01-17
CDR0655,P052,P096,38,2026-05-19
CDR0656,P083,P136,400,2025-11-18
CDR0657,P005,P002,1293,2026-03-24
CDR0658,P064,P058,1430,2025-09-30
CDR0659,P089,P080,274,2025-09-30
CDR0660,P027,P099,1040,2026-03-07
CDR0661,P079,P043,143,2025-12-13
CDR0662,P012,P077,605,2026-08-08
CDR0663,P117,P134,1231,2026-02-28
CDR0664,P135,P087,898,2025-11-22
CDR0665,P035,P088,1013,2025-12-15
CDR0666,P092,P049,347,2026-09-02
CDR0667,P104,P005,477,2025-11-09
CDR0668,P058,P034,442,2026-03-16
CDR0669,P006,P130,356,2025-09-19
CDR0670,P032,P094,1466,2026-01-08
CDR0671,P010,P097,1321,2025-12-06
CDR0672,P066,P137,1286,2025-09-28
CDR0673,P013,P028,1348,2025-11-21
CDR0674,P006,P013,1422,2026-04-17
CDR0675,P030,P107,919,2026-06-23
CDR0676,P098,P032,1130,2026-04-22
CDR0677,P065,P122,1447,2025-12-09
CDR0678,P040,P053,1433,2026-02-25
CDR0679,P003,P078,871,2026-02-05
CDR0680,P026,P134,562,2026-08-10
CDR0681,P036,P108,1711,2026-03-28
CDR0682,P027,P131,1482,2026-06-14
CDR0683,P031,P073,243,2026-02-05
CDR0684,P028,P128,416,2026-05-11
CDR0685,P052,P068,1712,2025-11-11
CDR0686,P134,P052,743,2025-12-01
CDR0687,P105,P076,338,2025-10-13
CDR0688,P011,P141,1026,2025-12-10
CDR0689,P054,P124,687,2026-05-08
CDR0690,P061,P001,36,2026-07-04
CDR0691,P023,P029,1720,2025-10-13
CDR0692,P147,P127,315,2026-02-06
CDR0693,P024,P131,163,2025-11-25
CDR0694,P026,P066,1329,2026-03-23
CDR0695,P060,P117,616,2025-12-16
CDR0696,P068,P119,112,2025-12-05
CDR0697,P026,P045,1800,2026-04-21
CDR0698,P011,P075,747,2025-12-26
CDR0699,P081,P110,1522,2025-10-10
CDR0700,P030,P025,1753,2026-07-06
CDR0701,P012,P003,1754,2025-11-02
CDR0702,P036,P044,683,2026-07-11
CDR0703,P092,P113,1283,2026-08-09
CDR0704,P069,P024,773,2026-03-05
CDR0705,P088,P047,243,2025-09-05
CDR0706,P103,P117,566,2026-02-09
CDR0707,P099,P123,1648,2026-05-04
CDR0708,P108,P043,241,2026-05-26
CDR0709,P034,P016,1739,2026-05-07
CDR0710,P041,P027,862,2025-12-29
CDR0711,P124,P146,1399,2026-04-21
CDR0712,P113,P047,1261,2026-05-18
CDR0713,P098,P092,1262,2026-07-31
CDR0714,P008,P034,999,2025-11-10
CDR0715,P125,P029,852,2026-07-08
CDR0716,P113,P012,139,2026-04-27
CDR0717,P067,P081,35,2026-05-15
CDR0718,P135,P148,1492,2026-05-14
CDR0719,P145,P058,1381,2025-09-15
CDR0720,P087,P133,1081,2026-06-27
CDR0721,P025,P111,1365,2026-03-30
CDR0722,P064,P124,718,2025-12-10
CDR0723,P099,P039,1728,2026-04-05
CDR0724,P143,P014,33,2025-11-26
CDR0725,P041,P130,1748,2025-09-04
CDR0726,P121,P127,1790,2025-11-15
CDR0727,P043,P020,1548,2026-07-18
CDR0728,P126,P083,503,2026-01-31
CDR0729,P085,P072,113,2026-05-24
CDR0730,P130,P058,1137,2026-04-09
CDR0731,P097,P104,1683,2025-12-19
CDR0732,P061,P021,950,2025-09-07
CDR0733,P114,P147,927,2025-10-16
CDR0734,P023,P128,925,2026-05-31
CDR0735,P081,P031,1028,2026-01-09
CDR0736,P005,P027,836,2025-11-24
CDR0737,P106,P010,1151,2026-07-08
CDR0738,P141,P001,1701,2026-08-03
CDR0739,P024,P078,1051,2025-12-06
CDR0740,P144,P053,1350,2026-06-25
CDR0741,P117,P088,754,2026-03-12
CDR0742,P014,P058,1739,2025-11-16
CDR0743,P117,P085,1157,2025-11-05
CDR0744,P122,P094,1476,2026-03-06
CDR0745,P116,P030,209,2025-10-10
CDR0746,P057,P001,709,2026-06-08
CDR0747,P091,P075,1131,2026-06-30
CDR0748,P134,P096,1447,2026-05-31
CDR0749,P028,P012,346,2025-12-22
CDR0750,P127,P036,1693,2025-09-22
CDR0751,P105,P028,530,2026-05-04
CDR0752,P051,P049,257,2025-10-06
CDR0753,P101,P056,946,2026-03-29
CDR0754,P049,P087,230,2026-09-01
CDR0755,P107,P012,1306,2026-01-01
CDR0756,P032,P116,946,2026-05-06
CDR0757,P130,P035,1031,2026-01-15
CDR0758,P002,P136,1517,2025-09-23
CDR0759,P013,P142,896,2026-05-19
CDR0760,P150,P124,1051,2026-06-01
CDR0761,P046,P149,365,2026-03-16
CDR0762,P033,P027,803,2026-01-20
CDR0763,P083,P130,797,2026-07-13
CDR0764,P108,P064,570,2026-08-05
CDR0765,P102,P088,612,2026-03-11
CDR0766,P116,P035,292,2026-06-18
CDR0767,P106,P132,622,2026-01-16
CDR0768,P141,P081,1467,2026-06-30
CDR0769,P142,P056,421,2025-09-06
CDR0770,P054,P075,1416,2026-02-09
CDR0771,P089,P034,1464,2026-01-31
CDR0772,P046,P129,1121,2026-03-06
CDR0773,P083,P030,1568,2025-09-20
CDR0774,P091,P144,993,2025-09-26
CDR0775,P150,P147,1376,2026-02-19
CDR0776,P107,P137,595,2025-10-16
CDR0777,P109,P004,1080,2025-10-05
CDR0778,P028,P007,790,2025-12-22
CDR0779,P038,P014,1382,2026-05-01
CDR0780,P015,P052,556,2026-08-25
CDR0781,P042,P074,1409,2026-05-07
CDR0782,P065,P038,1729,2026-01-14
CDR0783,P016,P076,427,2026-01-20
CDR0784,P139,P009,744,2026-01-19
CDR0785,P116,P027,1271,2026-07-24
CDR0786,P144,P058,1530,2025-09-23
CDR0787,P144,P100,496,2026-07-17
CDR0788,P131,P074,1429,2025-09-11
CDR0789,P013,P098,803,2025-11-10
CDR0790,P107,P081,1140,2026-03-18
CDR0791,P014,P004,1533,2026-02-26
CDR0792,P065,P052,1280,2026-02-21
CDR0793,P114,P058,1307,2026-05-10
CDR0794,P095,P140,1522,2026-01-29
CDR0795,P051,P050,612,2026-07-09
CDR0796,P115,P046,1408,2026-02-26
CDR0797,P020,P048,365,2026-05-20
CDR0798,P132,P031,782,2025-10-31
CDR0799,P011,P110,581,2026-07-15
CDR0800,P143,P068,276,2026-07-31
CDR0801,P042,P150,1742,2026-05-09
CDR0802,P066,P002,686,2026-01-15
CDR0803,P120,P040,91,2026-03-16
CDR0804,P040,P083,1232,2026-01-28
CDR0805,P014,P078,1014,2026-08-10
CDR0806,P147,P141,743,2025-12-14
CDR0807,P019,P082,1086,2025-10-23
CDR0808,P057,P048,1076,2026-08-04
CDR0809,P018,P130,336,2026-01-01
CDR0810,P107,P140,1109,2025-09-05
CDR0811,P104,P024,725,2026-03-16
CDR0812,P057,P055,1368,2026-05-10
CDR0813,P085,P093,611,2026-06-28
CDR0814,P056,P136,982,2026-04-22
CDR0815,P144,P003,244,2025-11-28
CDR0816,P089,P115,502,2026-01-05
CDR0817,P063,P011,1407,2025-10-31
CDR0818,P083,P098,1640,2026-03-11
CDR0819,P030,P099,535,2025-11-18
CDR0820,P139,P073,60,2026-04-12
CDR0821,P133,P096,1063,2026-02-21
CDR0822,P131,P115,1006,2026-03-23
CDR0823,P012,P076,1344,2026-04-24
CDR0824,P050,P083,1062,2026-05-20
CDR0825,P022,P025,352,2026-06-20
CDR0826,P138,P137,25,2025-10-20
CDR0827,P017,P054,1382,2026-06-05
CDR0828,P055,P109,1721,2026-05-01
CDR0829,P027,P053,1111,2026-07-17
CDR0830,P112,P019,1539,2025-09-15
CDR0831,P040,P007,950,2025-12-16
CDR0832,P085,P010,189,2026-03-18
CDR0833,P019,P014,374,2026-07-27
CDR0834,P065,P143,154,2026-04-04
CDR0835,P148,P059,539,2026-01-25
CDR0836,P105,P100,933,2026-05-08
CDR0837,P104,P111,657,2025-09-25
CDR0838,P005,P100,1388,2026-02-13
CDR0839,P031,P137,22,2025-12-15
CDR0840,P017,P150,103,2025-10-12
CDR0841,P019,P092,1039,2025-12-03
CDR0842,P028,P075,1621,2025-12-22
CDR0843,P078,P023,586,2026-05-04
CDR0844,P113,P098,819,2025-09-20
CDR0845,P008,P122,330,2025-10-28
CDR0846,P137,P057,289,2026-08-17
CDR0847,P101,P140,614,2025-11-08
CDR0848,P037,P077,1397,2025-12-21
CDR0849,P096,P003,1143,2026-01-03
CDR0850,P143,P037,262,2026-06-18
CDR0851,P011,P002,1182,2026-03-24
CDR0852,P101,P138,1131,2026-05-26
CDR0853,P022,P079,440,2026-08-11
CDR0854,P089,P055,855,2025-10-15
CDR0855,P132,P037,339,2026-08-14
CDR0856,P048,P057,1273,2025-12-13
CDR0857,P065,P050,244,2026-08-27
CDR0858,P047,P146,1755,2025-11-25
CDR0859,P014,P141,954,2026-05-23
CDR0860,P141,P019,605,2026-09-01
CDR0861,P018,P065,211,2026-07-07
CDR0862,P051,P149,1007,2026-04-07
CDR0863,P085,P092,272,2026-08-30
CDR0864,P061,P026,593,2026-06-05
CDR0865,P018,P050,660,2026-04-30
CDR0866,P125,P116,682,2025-12-16
CDR0867,P079,P150,322,2025-10-15
CDR0868,P145,P146,756,2025-10-20
CDR0869,P081,P110,355,2026-05-21
CDR0870,P002,P081,514,2025-12-25
CDR0871,P057,P112,576,2026-03-07
CDR0872,P093,P035,1401,2025-11-10
CDR0873,P085,P123,957,2026-03-16
CDR0874,P115,P092,1596,2026-04-23
CDR0875,P079,P125,1139,2025-12-17
CDR0876,P028,P045,1332,2026-02-12
CDR0877,P021,P072,1768,2026-03-20
CDR0878,P036,P138,412,2026-02-02
CDR0879,P068,P020,1499,2026-08-08
CDR0880,P020,P005,1749,2026-05-15
CDR0881,P130,P008,1674,2025-11-29
CDR0882,P149,P104,1585,2026-05-24
CDR0883,P055,P010,1139,2025-12-14
CDR0884,P067,P140,1115,2026-05-23
CDR0885,P121,P039,759,2026-06-12
CDR0886,P101,P058,1591,2025-09-20
CDR0887,P075,P035,961,2026-08-17
CDR0888,P129,P131,195,2026-07-20
CDR0889,P102,P094,1038,2026-06-02
CDR0890,P003,P062,1746,2026-08-23
CDR0891,P043,P132,297,2025-12-23
CDR0892,P115,P041,376,2026-03-26
CDR0893,P145,P038,1517,2026-05-21
CDR0894,P124,P092,92,2026-04-01
CDR0895,P057,P125,484,2026-02-25
CDR0896,P017,P068,766,2025-09-16
CDR0897,P060,P011,1379,2026-03-25
CDR0898,P053,P133,1630,2025-09-25
CDR0899,P093,P100,971,2026-05-16
CDR0900,P117,P012,91,2026-01-12
CDR0901,P083,P027,1451,2026-03-19
CDR0902,P134,P071,1719,2026-08-15
CDR0903,P068,P149,1124,2026-04-12
CDR0904,P146,P045,781,2026-05-02
CDR0905,P097,P094,1213,2025-11-12
CDR0906,P020,P133,525,2026-04-18
CDR0907,P097,P058,1067,2026-08-16
CDR0908,P104,P091,1683,2026-02-10
CDR0909,P089,P125,1633,2025-11-01
CDR0910,P124,P002,1037,2025-12-10
CDR0911,P036,P113,349,2026-04-01
CDR0912,P059,P020,1063,2025-09-26
CDR0913,P072,P055,317,2026-07-13
CDR0914,P048,P041,751,2026-07-16
CDR0915,P031,P059,859,2025-10-23
CDR0916,P085,P030,996,2025-10-31
CDR0917,P123,P054,1219,2025-10-23
CDR0918,P042,P106,55,2025-10-19
CDR0919,P063,P012,271,2025-11-23
CDR0920,P147,P042,285,2026-08-29
CDR0921,P132,P011,1182,2025-10-08
CDR0922,P038,P015,350,2026-03-24
CDR0923,P067,P047,1068,2026-09-03
CDR0924,P104,P145,1315,2026-07-20
CDR0925,P005,P073,185,2025-10-09
CDR0926,P056,P115,1252,2026-07-10
CDR0927,P121,P124,359,2025-11-05
CDR0928,P057,P106,1240,2025-10-08
CDR0929,P037,P150,1690,2026-03-20
CDR0930,P047,P131,551,2025-12-15
CDR0931,P043,P088,938,2025-12-03
CDR0932,P018,P059,784,2026-06-28
CDR0933,P099,P034,232,2026-02-26
CDR0934,P005,P052,1080,2026-02-27
CDR0935,P130,P108,1702,2026-03-21
CDR0936,P039,P025,373,2026-06-29
CDR0937,P122,P010,1615,2025-12-22
CDR0938,P137,P129,1550,2026-02-04
CDR0939,P031,P024,997,2025-09-18
CDR0940,P034,P139,1704,2026-05-16
CDR0941,P001,P111,1079,2026-04-18
CDR0942,P108,P095,98,2025-09-03
CDR0943,P136,P110,479,2026-05-22
CDR0944,P124,P098,727,2026-05-20
CDR0945,P148,P026,881,2026-01-04
CDR0946,P035,P066,987,2025-12-16
CDR0947,P060,P022,590,2026-04-25
CDR0948,P140,P105,537,2026-03-26
CDR0949,P049,P002,1462,2026-08-09
CDR0950,P002,P148,1080,2026-03-12
CDR0951,P031,P134,24,2026-06-26
CDR0952,P097,P053,1418,2026-03-24
CDR0953,P081,P105,751,2025-11-02
CDR0954,P028,P040,882,2025-11-22
CDR0955,P150,P065,545,2026-07-13
CDR0956,P138,P109,1166,2026-08-01
CDR0957,P094,P071,1403,2025-11-02
CDR0958,P102,P053,856,2026-04-09
CDR0959,P142,P143,998,2026-03-11
CDR0960,P046,P095,1155,2025-10-06
CDR0961,P143,P124,529,2026-08-05
CDR0962,P079,P148,715,2026-04-16
CDR0963,P102,P036,1761,2025-09-15
CDR0964,P031,P059,924,2025-12-22
CDR0965,P042,P026,449,2025-11-02
CDR0966,P131,P103,1619,2026-05-18
CDR0967,P087,P141,1267,2026-08-30
CDR0968,P014,P042,806,2026-03-18
CDR0969,P002,P024,1696,2026-06-12
CDR0970,P038,P121,1239,2026-06-04
CDR0971,P112,P023,141,2026-08-20
CDR0972,P068,P057,769,2026-04-22
CDR0973,P021,P010,1493,2026-08-31
CDR0974,P099,P103,1267,2025-10-12
CDR0975,P134,P074,1467,2026-01-23
CDR0976,P015,P045,1321,2026-01-10
CDR0977,P127,P113,31,2026-03-03
CDR0978,P052,P133,595,2026-06-29
CDR0979,P050,P009,1615,2026-05-27
CDR0980,P131,P133,1440,2026-05-22
CDR0981,P060,P044,1390,2026-01-09
CDR0982,P010,P093,499,2026-07-04
CDR0983,P001,P041,187,2026-01-19
CDR0984,P071,P103,733,2026-04-04
CDR0985,P102,P104,1210,2025-12-07
CDR0986,P052,P133,41,2026-04-01
CDR0987,P018,P024,1135,2025-11-03
CDR0988,P073,P144,1203,2026-03-18
CDR0989,P090,P089,1680,2026-01-06
CDR0990,P071,P058,1251,2026-03-25
CDR0991,P050,P117,837,2026-07-08
CDR0992,P148,P002,544,2025-11-11
CDR0993,P045,P105,1046,2026-04-03
CDR0994,P028,P144,158,2025-12-16
CDR0995,P129,P076,706,2025-12-21
CDR0996,P030,P132,537,2025-12-10
CDR0997,P138,P148,522,2026-08-05
CDR0998,P114,P097,1163,2026-06-12
CDR0999,P124,P063,1561,2026-03-01
CDR1000,P087,P118,1405,2025-09-05
CDR1001,P118,P008,997,2025-12-21
CDR1002,P030,P067,148,2026-06-07
CDR1003,P098,P057,1396,2026-01-10
CDR1004,P059,P081,854,2025-11-08
CDR1005,P091,P133,1107,2025-10-25
CDR1006,P003,P068,518,2026-05-10
CDR1007,P074,P024,827,2026-04-03
CDR1008,P088,P020,1145,2026-05-18
CDR1009,P046,P122,652,2026-07-01
CDR1010,P091,P056,1184,2026-05-09
CDR1011,P069,P047,1538,2026-07-08
CDR1012,P049,P128,1519,2025-10-15
CDR1013,P052,P061,1516,2025-12-18
CDR1014,P062,P068,433,2026-01-15
CDR1015,P059,P052,1719,2026-08-07
CDR1016,P064,P092,329,2026-06-05
CDR1017,P028,P031,170,2026-01-29
CDR1018,P127,P002,1575,2026-02-21
CDR1019,P139,P011,1746,2025-12-07
CDR1020,P124,P096,1281,2026-01-01
CDR1021,P081,P127,1186,2025-11-15
CDR1022,P071,P126,384,2026-05-17
CDR1023,P131,P072,824,2026-04-19
CDR1024,P057,P148,272,2026-08-10
CDR1025,P014,P135,1646,2026-09-03
CDR1026,P109,P123,1117,2026-08-26
CDR1027,P009,P129,721,2026-01-01
CDR1028,P101,P045,946,2026-03-15
CDR1029,P031,P133,952,2026-07-22
CDR1030,P081,P003,34,2025-11-21
CDR1031,P054,P098,1199,2025-10-06
CDR1032,P026,P084,750,2026-03-03
CDR1033,P067,P048,1133,2026-01-09
CDR1034,P068,P061,561,2026-02-23
CDR1035,P121,P088,759,2026-08-06
CDR1036,P048,P128,878,2026-08-15
CDR1037,P054,P108,1445,2026-02-19
CDR1038,P096,P094,1759,2025-09-23
CDR1039,P103,P072,933,2026-05-15
CDR1040,P047,P147,278,2026-07-19
CDR1041,P148,P059,1677,2026-04-29
CDR1042,P026,P070,1656,2026-02-12
CDR1043,P061,P143,895,2025-10-02
CDR1044,P098,P051,308,2026-07-21
CDR1045,P039,P122,1660,2026-01-03
CDR1046,P003,P046,873,2026-07-06
CDR1047,P128,P035,1749,2026-08-18
CDR1048,P133,P137,1485,2026-08-25
CDR1049,P081,P125,624,2026-04-19
CDR1050,P065,P144,1768,2026-02-02
CDR1051,P146,P013,825,2025-09-22
CDR1052,P026,P042,132,2026-01-24
CDR1053,P056,P066,985,2026-03-08
CDR1054,P025,P116,1534,2025-10-24
CDR1055,P086,P067,749,2026-04-16
CDR1056,P093,P144,1151,2025-11-20
CDR1057,P066,P089,50,2025-12-26
CDR1058,P106,P032,729,2026-02-04
CDR1059,P051,P148,1189,2025-12-10
CDR1060,P138,P045,1608,2026-01-17
CDR1061,P073,P091,675,2026-08-24
CDR1062,P131,P125,1596,2026-01-07
CDR1063,P115,P021,790,2026-07-23
CDR1064,P074,P119,1303,2025-09-13
CDR1065,P038,P043,1321,2026-05-25
CDR1066,P087,P108,1302,2026-05-27
CDR1067,P147,P104,1748,2025-09-22
CDR1068,P019,P021,341,2026-06-30
CDR1069,P088,P059,652,2026-03-23
CDR1070,P082,P075,1464,2026-04-17
CDR1071,P069,P102,565,2025-09-05
CDR1072,P114,P093,1541,2026-05-06
CDR1073,P134,P116,857,2026-08-12
CDR1074,P043,P048,1759,2025-12-28
CDR1075,P006,P033,1500,2026-01-26
CDR1076,P061,P065,1533,2025-11-05
CDR1077,P021,P054,351,2026-02-14
CDR1078,P102,P027,205,2026-05-28
CDR1079,P017,P122,1133,2025-10-12
CDR1080,P014,P007,1588,2026-08-30
CDR1081,P102,P135,1576,2026-01-19
CDR1082,P022,P027,547,2026-05-21
CDR1083,P040,P022,1351,2026-02-25
CDR1084,P100,P080,479,2025-12-16
CDR1085,P064,P073,917,2025-12-22
CDR1086,P033,P034,1088,2025-11-08
CDR1087,P044,P008,81,2025-11-16
CDR1088,P092,P084,1779,2026-05-26
CDR1089,P122,P120,1793,2026-06-18
CDR1090,P139,P070,1133,2026-08-12
CDR1091,P114,P035,1438,2026-03-10
CDR1092,P139,P046,1220,2025-09-15
CDR1093,P117,P145,900,2025-09-29
CDR1094,P135,P137,644,2025-12-06
CDR1095,P089,P124,1115,2026-01-23
CDR1096,P059,P023,914,2026-06-04
CDR1097,P079,P094,854,2025-11-17
CDR1098,P067,P040,631,2026-01-17
CDR1099,P003,P001,1081,2025-10-13
CDR1100,P035,P089,597,2025-09-06
CDR1101,P121,P137,27,2026-08-16
CDR1102,P126,P123,623,2025-12-15
CDR1103,P003,P111,1644,2026-04-30
CDR1104,P075,P060,1641,2026-01-04
CDR1105,P002,P141,775,2025-09-25
CDR1106,P049,P106,1158,2025-11-09
CDR1107,P112,P102,521,2026-08-06
CDR1108,P042,P100,1706,2026-06-05
CDR1109,P097,P057,548,2026-06-14
CDR1110,P021,P109,1290,2026-06-04
CDR1111,P062,P133,1575,2025-10-09
CDR1112,P070,P073,1338,2026-02-25
CDR1113,P137,P069,855,2026-02-07
CDR1114,P049,P018,383,2026-05-21
CDR1115,P035,P075,236,2026-05-06
CDR1116,P117,P116,567,2026-07-31
CDR1117,P126,P049,666,2025-12-29
CDR1118,P005,P039,111,2026-03-29
CDR1119,P137,P006,390,2025-10-28
CDR1120,P027,P073,561,2025-11-07
CDR1121,P033,P113,1499,2026-06-25
CDR1122,P003,P060,194,2026-02-17
CDR1123,P039,P004,1020,2026-02-06
CDR1124,P056,P088,870,2026-03-29
CDR1125,P080,P128,770,2026-08-09
CDR1126,P119,P009,686,2025-10-15
CDR1127,P021,P038,124,2026-01-14
CDR1128,P069,P101,156,2026-07-29
CDR1129,P140,P121,381,2026-02-12
CDR1130,P050,P065,1683,2026-04-01
CDR1131,P098,P004,259,2025-10-14
CDR1132,P064,P099,1589,2025-12-29
CDR1133,P114,P064,1520,2025-12-03
CDR1134,P009,P051,953,2026-07-16
CDR1135,P025,P134,1373,2025-12-29
CDR1136,P054,P122,806,2026-05-16
CDR1137,P080,P083,334,2026-02-08
CDR1138,P011,P141,1076,2026-01-20
CDR1139,P032,P065,995,2025-11-07
CDR1140,P077,P051,748,2026-06-22
CDR1141,P014,P056,241,2025-09-30
CDR1142,P061,P112,674,2025-09-04
CDR1143,P004,P043,1636,2026-01-27
CDR1144,P071,P150,255,2026-07-13
CDR1145,P102,P063,28,2026-04-27
CDR1146,P011,P149,1614,2025-12-05
CDR1147,P122,P040,770,2025-11-19
CDR1148,P023,P064,332,2026-05-25
CDR1149,P128,P024,1414,2026-07-07
CDR1150,P087,P016,132,2025-10-23
CDR1151,P092,P040,1446,2026-06-03
CDR1152,P138,P028,267,2025-12-26
CDR1153,P125,P060,658,2026-01-13
CDR1154,P143,P089,1659,2026-01-16
CDR1155,P113,P050,53,2026-02-04
CDR1156,P097,P092,1493,2026-05-16
CDR1157,P035,P065,90,2026-05-03
CDR1158,P125,P113,1154,2026-03-27
CDR1159,P076,P139,1437,2026-05-07
CDR1160,P126,P049,1170,2026-08-26
CDR1161,P048,P140,722,2026-08-23
CDR1162,P083,P120,573,2026-02-15
CDR1163,P142,P042,151,2026-08-26
CDR1164,P136,P040,930,2026-06-07
CDR1165,P076,P068,1119,2026-04-04
CDR1166,P094,P117,11,2025-09-28
CDR1167,P130,P098,1512,2026-08-17
CDR1168,P048,P005,1279,2026-06-13
CDR1169,P094,P062,666,2026-05-12
CDR1170,P017,P138,1687,2026-04-21
CDR1171,P100,P049,1083,2025-09-19
CDR1172,P128,P142,325,2025-09-25
CDR1173,P073,P083,849,2025-10-26
CDR1174,P083,P029,207,2026-03-22
CDR1175,P134,P018,99,2025-11-20
CDR1176,P034,P046,1798,2026-01-02
CDR1177,P009,P052,229,2026-02-14
CDR1178,P125,P050,212,2026-05-23
CDR1179,P009,P147,1324,2025-10-11
CDR1180,P100,P126,1086,2026-08-29
CDR1181,P066,P013,760,2026-01-21
CDR1182,P057,P019,36,2026-08-16
CDR1183,P054,P126,1714,2026-01-16
CDR1184,P021,P120,1650,2025-10-03
CDR1185,P016,P093,1152,2026-03-26
CDR1186,P107,P095,1636,2026-05-17
CDR1187,P015,P069,1093,2026-06-05
CDR1188,P011,P019,1718,2026-09-01
CDR1189,P078,P020,452,2026-08-12
CDR1190,P133,P025,217,2026-02-19
CDR1191,P060,P137,799,2026-06-01
CDR1192,P049,P050,1087,2025-12-06
CDR1193,P064,P146,1290,2025-12-27
CDR1194,P046,P143,1544,2026-04-01
CDR1195,P143,P107,1538,2026-06-15
CDR1196,P028,P148,743,2026-02-02
CDR1197,P118,P110,223,2025-11-27
CDR1198,P043,P047,1136,2026-03-29
CDR1199,P103,P130,701,2025-09-15
CDR1200,P041,P137,1238,2026-08-23
CDR1201,P114,P091,655,2025-11-05
CDR1202,P141,P084,1740,2025-09-19
CDR1203,P096,P106,1575,2026-04-28
CDR1204,P111,P083,1256,2026-01-22
CDR1205,P062,P145,1127,2026-02-26
CDR1206,P055,P097,1578,2026-07-22
CDR1207,P141,P066,747,2026-01-10
CDR1208,P116,P115,823,2025-12-24
CDR1209,P001,P009,592,2026-05-05
CDR1210,P005,P133,286,2026-02-15
CDR1211,P078,P002,625,2026-03-06
CDR1212,P057,P055,1762,2026-06-22
CDR1213,P081,P006,1590,2025-10-26
CDR1214,P071,P142,1057,2025-09-13
CDR1215,P143,P147,1180,2025-09-21
CDR1216,P040,P025,87,2026-06-05
CDR1217,P118,P092,329,2025-12-29
CDR1218,P036,P068,761,2025-11-05
CDR1219,P150,P064,487,2026-03-11
CDR1220,P066,P077,198,2026-06-15
CDR1221,P147,P103,1175,2026-07-09
CDR1222,P056,P020,1491,2025-09-09
CDR1223,P084,P124,364,2026-08-12
CDR1224,P125,P148,1688,2025-09-16
CDR1225,P025,P077,86,2025-10-02
CDR1226,P148,P098,170,2026-06-12
CDR1227,P015,P086,722,2025-10-27
CDR1228,P112,P107,1787,2026-06-19
CDR1229,P031,P059,1541,2026-03-24
CDR1230,P003,P098,120,2026-04-21
CDR1231,P079,P135,94,2025-09-18
CDR1232,P082,P139,1166,2026-02-06
CDR1233,P039,P084,1038,2025-11-16
CDR1234,P057,P040,113,2026-04-21
CDR1235,P101,P115,1551,2026-07-12
CDR1236,P148,P130,194,2026-04-07
CDR1237,P057,P111,603,2026-08-28
CDR1238,P101,P038,280,2025-12-05
CDR1239,P087,P022,984,2026-01-12
CDR1240,P147,P013,1132,2026-05-25
CDR1241,P103,P068,184,2026-03-11
CDR1242,P103,P129,899,2026-01-26
CDR1243,P034,P035,994,2026-04-09
CDR1244,P144,P051,1009,2025-12-20
CDR1245,P102,P147,411,2026-08-23
CDR1246,P144,P135,514,2025-10-24
CDR1247,P063,P019,555,2026-05-31
CDR1248,P111,P083,1412,2025-11-15
CDR1249,P148,P023,240,2026-08-24
CDR1250,P106,P109,758,2026-03-08
CDR1251,P090,P049,666,2026-03-12
CDR1252,P089,P007,1586,2025-09-13
CDR1253,P079,P044,726,2026-07-12
CDR1254,P114,P038,912,2025-12-03
CDR1255,P012,P060,418,2025-11-04
CDR1256,P096,P040,1561,2025-09-20
CDR1257,P022,P029,1524,2025-10-10
CDR1258,P014,P063,1281,2026-05-02
CDR1259,P038,P074,38,2026-08-08
CDR1260,P088,P029,634,2026-01-15
CDR1261,P116,P121,56,2025-11-03
CDR1262,P085,P054,1525,2025-10-14
CDR1263,P138,P055,427,2025-09-07
CDR1264,P140,P134,1546,2026-04-15
CDR1265,P067,P141,999,2026-06-12
CDR1266,P037,P005,781,2025-10-06
CDR1267,P150,P135,99,2026-08-04
CDR1268,P066,P044,133,2026-05-21
CDR1269,P073,P052,1626,2026-05-16
CDR1270,P070,P014,962,2026-07-18
CDR1271,P003,P018,805,2026-05-08
CDR1272,P070,P093,1780,2025-11-21
CDR1273,P028,P005,609,2026-02-10
CDR1274,P099,P060,789,2026-01-23
CDR1275,P131,P026,656,2026-05-01
CDR1276,P125,P137,190,2026-05-03
CDR1277,P048,P051,1035,2026-03-30
CDR1278,P118,P144,1469,2025-10-11
CDR1279,P006,P011,516,2026-08-31
CDR1280,P136,P079,693,2026-04-19
CDR1281,P126,P101,1534,2025-10-30
CDR1282,P041,P005,720,2026-05-19
CDR1283,P091,P078,493,2026-08-07
CDR1284,P129,P071,1672,2026-01-05
CDR1285,P016,P066,802,2025-11-17
CDR1286,P008,P143,583,2026-05-22
CDR1287,P058,P039,709,2026-07-21
CDR1288,P101,P036,189,2026-03-12
CDR1289,P098,P134,1398,2026-08-17
CDR1290,P059,P107,502,2025-12-15
CDR1291,P147,P040,883,2025-11-13
CDR1292,P080,P085,929,2026-08-11
CDR1293,P139,P034,433,2026-06-23
CDR1294,P036,P149,1118,2026-08-29
CDR1295,P052,P036,642,2025-10-09
CDR1296,P135,P035,890,2026-07-30
CDR1297,P038,P145,333,2026-05-14
CDR1298,P082,P018,1151,2026-08-28
CDR1299,P137,P031,387,2025-12-29
CDR1300,P082,P038,1499,2025-12-04
CDR1301,P008,P082,857,2025-12-17
CDR1302,P106,P078,917,2026-04-16
CDR1303,P071,P039,1605,2026-03-22
CDR1304,P049,P028,279,2025-11-09
CDR1305,P048,P007,1571,2026-02-22
CDR1306,P069,P146,1264,2025-10-03
CDR1307,P060,P007,745,2025-09-24
CDR1308,P021,P123,284,2026-02-01
CDR1309,P129,P121,1468,2025-12-22
CDR1310,P096,P048,1755,2025-11-05
CDR1311,P100,P126,980,2026-01-03
CDR1312,P036,P042,405,2026-04-17
CDR1313,P058,P009,846,2026-07-25
CDR1314,P004,P070,855,2026-06-30
CDR1315,P057,P052,1561,2026-01-06
CDR1316,P053,P017,372,2026-08-19
CDR1317,P113,P126,1418,2026-03-19
CDR1318,P084,P118,515,2026-07-05
CDR1319,P110,P104,1599,2026-04-09
CDR1320,P011,P098,1484,2026-04-17
CDR1321,P081,P101,1262,2025-11-19
CDR1322,P147,P138,1085,2026-03-12
CDR1323,P010,P134,233,2026-03-13
CDR1324,P116,P117,1703,2026-02-03
CDR1325,P011,P063,1072,2026-08-04
CDR1326,P138,P102,1515,2025-10-17
CDR1327,P011,P143,803,2026-07-16
CDR1328,P133,P013,398,2026-02-22
CDR1329,P075,P113,825,2026-08-03
CDR1330,P078,P074,954,2026-03-31
CDR1331,P043,P109,612,2026-01-08
CDR1332,P014,P133,301,2026-08-24
CDR1333,P119,P116,195,2025-10-22
CDR1334,P129,P029,378,2026-04-02
CDR1335,P150,P140,287,2026-04-19
CDR1336,P101,P106,672,2026-02-11
CDR1337,P116,P007,376,2026-07-28
CDR1338,P117,P052,941,2025-09-25
CDR1339,P024,P065,673,2026-06-30
CDR1340,P042,P032,196,2025-10-07
CDR1341,P030,P116,1308,2026-06-29
CDR1342,P093,P022,1082,2025-10-05
CDR1343,P099,P131,1263,2026-02-06
CDR1344,P041,P097,1137,2026-01-12
CDR1345,P098,P012,1583,2025-10-02
CDR1346,P044,P086,1168,2026-03-29
CDR1347,P039,P042,1789,2025-09-20
CDR1348,P038,P046,1585,2025-10-01
CDR1349,P014,P108,640,2026-03-05
CDR1350,P080,P115,601,2026-06-26
CDR1351,P047,P031,279,2026-05-02
CDR1352,P052,P001,1285,2026-08-24
CDR1353,P065,P004,949,2026-02-15
CDR1354,P128,P140,1663,2026-08-24
CDR1355,P002,P127,497,2026-07-18
CDR1356,P056,P122,939,2026-04-09
CDR1357,P105,P114,172,2026-07-15
CDR1358,P002,P063,1130,2026-08-13
CDR1359,P072,P143,1689,2026-05-09
CDR1360,P054,P013,388,2026-08-07
CDR1361,P038,P015,1347,2026-02-10
CDR1362,P090,P010,307,2025-09-19
CDR1363,P009,P148,1726,2026-04-25
CDR1364,P077,P085,189,2025-10-04
CDR1365,P013,P028,863,2026-03-07
CDR1366,P046,P042,1386,2025-12-30
CDR1367,P073,P147,1622,2026-05-15
CDR1368,P144,P046,942,2026-07-13
CDR1369,P149,P093,83,2026-06-02
CDR1370,P024,P077,671,2026-01-17
CDR1371,P095,P098,1689,2025-09-10
CDR1372,P018,P110,1737,2026-07-17
CDR1373,P141,P017,609,2026-06-03
CDR1374,P121,P035,259,2025-11-03
CDR1375,P071,P085,1089,2026-07-04
CDR1376,P106,P135,439,2026-07-18
CDR1377,P054,P015,233,2026-03-05
CDR1378,P147,P136,189,2026-08-12
CDR1379,P124,P074,884,2026-05-24
CDR1380,P082,P067,1086,2026-04-05
CDR1381,P148,P091,275,2025-10-05
CDR1382,P145,P128,1074,2026-07-26
CDR1383,P128,P127,1664,2026-02-09
CDR1384,P047,P060,1461,2026-07-01
CDR1385,P075,P050,13,2026-08-28
CDR1386,P031,P007,962,2025-11-15
CDR1387,P031,P054,1647,2026-08-29
CDR1388,P107,P106,103,2025-12-07
CDR1389,P086,P090,1157,2026-06-01
CDR1390,P055,P003,1321,2026-09-02
CDR1391,P052,P073,531,2026-03-08
CDR1392,P018,P079,624,2026-06-06
CDR1393,P130,P141,673,2026-01-07
CDR1394,P002,P030,1414,2026-01-20
CDR1395,P086,P088,821,2025-10-28
CDR1396,P146,P008,1714,2026-07-08
CDR1397,P045,P050,686,2026-08-14
CDR1398,P087,P123,981,2026-02-02
CDR1399,P010,P035,996,2025-12-02
CDR1400,P040,P118,1781,2026-05-12
CDR1401,P138,P086,957,2026-02-10
CDR1402,P106,P015,1720,2026-02-12
CDR1403,P134,P077,1167,2026-07-24
CDR1404,P081,P143,1107,2026-09-02
CDR1405,P005,P054,1192,2025-11-29
CDR1406,P085,P091,145,2026-08-24
CDR1407,P039,P072,1731,2026-05-26
CDR1408,P008,P087,778,2026-04-15
CDR1409,P137,P043,1179,2026-03-25
CDR1410,P100,P048,1228,2025-12-26
CDR1411,P030,P079,1454,2026-02-20
CDR1412,P081,P009,566,2025-11-14
CDR1413,P106,P023,1027,2025-09-22
CDR1414,P061,P096,935,2026-06-27
CDR1415,P078,P056,1085,2026-03-01
CDR1416,P078,P045,239,2026-07-06
CDR1417,P096,P010,1602,2026-07-30
CDR1418,P052,P024,918,2026-07-30
CDR1419,P130,P007,1646,2025-10-24
CDR1420,P124,P129,325,2026-04-11
CDR1421,P049,P088,1000,2026-08-05
CDR1422,P135,P080,1598,2026-03-28
CDR1423,P084,P037,1585,2026-05-08
CDR1424,P026,P133,1395,2026-08-12
CDR1425,P034,P053,1493,2026-05-05
CDR1426,P010,P118,803,2026-05-24
CDR1427,P134,P030,18,2025-12-31
CDR1428,P080,P012,1417,2026-02-14
CDR1429,P023,P086,966,2026-03-10
CDR1430,P012,P027,1076,2026-01-30
CDR1431,P080,P006,1192,2026-06-18
CDR1432,P080,P054,667,2025-09-07
CDR1433,P052,P050,596,2025-10-04
CDR1434,P071,P137,663,2026-06-17
CDR1435,P113,P031,568,2025-09-25
CDR1436,P039,P041,570,2026-02-21
CDR1437,P030,P004,1285,2026-04-06
CDR1438,P144,P132,219,2026-04-14
CDR1439,P053,P139,727,2026-02-23
CDR1440,P141,P082,565,2025-11-11
CDR1441,P037,P073,1185,2026-07-24
CDR1442,P063,P044,155,2026-08-07
CDR1443,P080,P087,1117,2026-02-04
CDR1444,P114,P013,276,2026-05-30
CDR1445,P008,P121,1393,2026-05-03
CDR1446,P013,P028,795,2026-05-11
CDR1447,P014,P023,883,2026-04-28
CDR1448,P101,P046,1453,2026-03-22
CDR1449,P115,P092,649,2026-02-11
CDR1450,P086,P051,1470,2026-07-20
CDR1451,P137,P021,1557,2025-12-31
CDR1452,P120,P146,279,2026-08-19
CDR1453,P024,P120,209,2025-10-07
CDR1454,P117,P080,1411,2025-11-11
CDR1455,P120,P121,484,2026-06-27
CDR1456,P058,P037,1773,2026-09-03
CDR1457,P067,P094,812,2026-08-22
CDR1458,P047,P085,1625,2026-07-04
CDR1459,P084,P117,1008,2026-08-18
CDR1460,P008,P017,983,2025-12-16
CDR1461,P029,P090,990,2026-08-21
CDR1462,P119,P044,588,2025-10-19
CDR1463,P090,P148,270,2025-11-20
CDR1464,P131,P027,840,2026-03-20
CDR1465,P028,P084,1148,2026-04-12
CDR1466,P019,P078,1101,2025-12-13
CDR1467,P119,P103,1219,2026-01-21
CDR1468,P106,P062,1281,2026-07-16
CDR1469,P063,P141,335,2026-06-21
CDR1470,P124,P099,145,2025-11-21
CDR1471,P088,P054,1676,2026-01-16
CDR1472,P111,P112,1171,2026-04-12
CDR1473,P088,P140,1431,2026-03-02
CDR1474,P061,P045,1367,2026-08-21
CDR1475,P020,P147,1723,2026-03-18
CDR1476,P125,P030,1222,2025-09-25
CDR1477,P119,P084,1146,2026-06-01
CDR1478,P025,P114,370,2026-05-31
CDR1479,P079,P104,152,2026-04-27
CDR1480,P028,P098,680,2026-02-25
CDR1481,P127,P016,195,2026-04-18
CDR1482,P056,P036,1199,2026-08-03
CDR1483,P001,P038,1363,2026-08-11
CDR1484,P039,P116,1098,2026-06-18
CDR1485,P075,P100,1270,2026-03-26
CDR1486,P148,P115,410,2026-04-05
CDR1487,P053,P082,623,2026-05-04
CDR1488,P146,P078,900,2026-05-20
CDR1489,P089,P023,1203,2026-08-28
CDR1490,P003,P131,837,2026-02-27
CDR1491,P033,P076,137,2026-06-22
CDR1492,P095,P141,118,2026-08-31
CDR1493,P001,P144,1690,2025-11-14
CDR1494,P092,P029,1773,2026-08-18
CDR1495,P073,P008,491,2026-02-02
CDR1496,P111,P101,1290,2026-06-08
CDR1497,P082,P098,841,2026-04-25
CDR1498,P098,P112,1126,2026-03-14
CDR1499,P055,P045,982,2026-06-24
CDR1500,P036,P049,1147,2026-02-22
CDR1501,P099,P093,1730,2025-12-27
CDR1502,P107,P040,600,2025-09-28
CDR1503,P033,P035,33,2025-11-05
CDR1504,P019,P005,304,2026-03-24
CDR1505,P125,P112,288,2025-09-29
CDR1506,P022,P036,1325,2025-09-04
CDR1507,P107,P117,1625,2026-05-03
CDR1508,P109,P047,940,2026-03-21
CDR1509,P131,P109,1140,2025-12-03
CDR1510,P116,P099,737,2025-10-04
CDR1511,P058,P048,879,2025-11-11
CDR1512,P002,P148,1030,2026-08-23
CDR1513,P061,P129,561,2025-11-18
CDR1514,P106,P140,1190,2025-10-29
CDR1515,P094,P009,87,2026-02-14
CDR1516,P146,P124,1453,2025-11-30
CDR1517,P095,P029,1198,2025-10-13
CDR1518,P124,P021,300,2025-12-09
CDR1519,P135,P072,962,2025-10-21
CDR1520,P133,P021,1081,2026-03-15
CDR1521,P023,P063,977,2026-02-16
CDR1522,P020,P139,1644,2026-02-04
CDR1523,P149,P080,1265,2026-04-26
CDR1524,P014,P088,1105,2026-07-25
CDR1525,P003,P121,939,2026-02-27
CDR1526,P132,P121,1185,2025-09-20
CDR1527,P085,P108,732,2026-08-08
CDR1528,P076,P075,353,2026-04-05
CDR1529,P010,P078,1498,2026-08-28
CDR1530,P145,P067,135,2026-07-12
CDR1531,P122,P149,356,2026-02-07
CDR1532,P147,P014,1354,2026-02-08
CDR1533,P075,P007,597,2026-01-25
CDR1534,P125,P022,269,2025-11-20
CDR1535,P130,P020,1753,2026-07-14
CDR1536,P072,P065,281,2026-07-18
CDR1537,P072,P071,1766,2025-11-07
CDR1538,P066,P004,1528,2025-12-13
CDR1539,P029,P045,1221,2026-02-03
CDR1540,P039,P115,767,2026-05-06
CDR1541,P045,P067,1612,2026-07-18
CDR1542,P061,P125,380,2026-08-15
CDR1543,P136,P009,712,2026-08-25
CDR1544,P022,P038,1229,2026-06-29
CDR1545,P040,P127,1551,2025-10-05
CDR1546,P106,P099,497,2026-06-02
CDR1547,P113,P043,441,2026-08-04
CDR1548,P148,P089,121,2025-10-08
CDR1549,P068,P030,117,2026-02-20
CDR1550,P043,P119,826,2026-03-10
CDR1551,P122,P078,985,2026-04-09
CDR1552,P137,P060,787,2025-11-09
CDR1553,P100,P122,547,2025-11-25
CDR1554,P038,P136,1792,2025-10-29
CDR1555,P112,P004,601,2026-05-15
CDR1556,P115,P098,1399,2026-02-21
CDR1557,P081,P136,1408,2025-09-20
CDR1558,P011,P025,1098,2025-11-26
CDR1559,P091,P111,1260,2026-04-07
CDR1560,P070,P086,563,2025-10-21
CDR1561,P069,P026,532,2025-10-14
CDR1562,P150,P101,954,2026-04-10
CDR1563,P062,P050,1074,2026-07-19
CDR1564,P087,P047,651,2025-09-08
CDR1565,P141,P003,1387,2026-08-30
CDR1566,P003,P018,34,2025-11-25
CDR1567,P106,P026,1085,2026-07-14
CDR1568,P027,P115,729,2025-10-25
CDR1569,P057,P073,525,2025-09-14
CDR1570,P050,P009,58,2025-09-26
CDR1571,P024,P015,1226,2026-05-24
CDR1572,P056,P032,1460,2026-01-25
CDR1573,P031,P023,1763,2026-02-10
CDR1574,P034,P097,1354,2025-12-29
CDR1575,P145,P048,237,2025-10-16
CDR1576,P048,P065,613,2026-07-28
CDR1577,P120,P020,1318,2026-08-08
CDR1578,P117,P071,1585,2026-03-31
CDR1579,P110,P083,537,2025-09-18
CDR1580,P042,P019,577,2025-10-29
CDR1581,P016,P098,805,2026-06-29
CDR1582,P086,P016,538,2026-03-03
CDR1583,P068,P046,912,2026-01-17
CDR1584,P018,P126,420,2026-07-31
CDR1585,P101,P046,1331,2025-11-18
CDR1586,P126,P028,304,2025-12-02
CDR1587,P139,P111,457,2026-04-14
CDR1588,P028,P114,1475,2025-11-07
CDR1589,P067,P027,81,2026-03-04
CDR1590,P019,P147,1500,2026-07-14
CDR1591,P065,P115,48,2026-05-15
CDR1592,P128,P039,1347,2026-08-06
CDR1593,P001,P010,1371,2025-11-11
CDR1594,P100,P069,320,2025-11-10
CDR1595,P085,P101,1186,2025-10-11
CDR1596,P001,P132,1459,2025-11-14
CDR1597,P126,P123,903,2025-11-02
CDR1598,P104,P018,1116,2025-09-15
CDR1599,P058,P001,797,2026-04-10
CDR1600,P124,P032,1171,2025-10-03
CDR1601,P138,P092,692,2026-07-07
CDR1602,P078,P103,123,2026-03-18
CDR1603,P024,P094,1104,2026-04-16
CDR1604,P088,P021,1732,2026-01-20
CDR1605,P118,P075,1336,2026-08-26
CDR1606,P052,P046,1145,2026-08-08
CDR1607,P011,P099,1363,2026-05-27
CDR1608,P049,P077,1435,2026-05-21
CDR1609,P100,P028,1301,2026-07-06
CDR1610,P092,P125,183,2026-06-25
CDR1611,P113,P049,296,2026-08-04
CDR1612,P010,P050,61,2025-12-09
CDR1613,P062,P126,806,2025-09-15
CDR1614,P017,P139,1327,2025-09-26
CDR1615,P079,P128,1103,2025-10-26
CDR1616,P116,P005,85,2026-05-04
CDR1617,P087,P015,701,2026-06-22
CDR1618,P011,P104,252,2026-02-18
CDR1619,P055,P134,948,2026-04-12
CDR1620,P138,P039,1527,2026-01-14
CDR1621,P149,P060,157,2026-03-24
CDR1622,P010,P037,1011,2025-12-02
CDR1623,P005,P121,1276,2026-06-15
CDR1624,P012,P063,1446,2026-08-10
CDR1625,P034,P004,362,2026-06-26
CDR1626,P013,P079,1690,2025-11-17
CDR1627,P025,P117,1261,2026-04-24
CDR1628,P044,P017,1684,2026-06-09
CDR1629,P028,P030,1028,2025-11-13
CDR1630,P057,P017,1657,2026-04-22
CDR1631,P052,P110,700,2025-11-30
CDR1632,P103,P084,257,2025-09-16
CDR1633,P148,P140,291,2025-12-01
CDR1634,P083,P055,1575,2026-05-04
CDR1635,P012,P045,697,2026-03-28
CDR1636,P017,P031,570,2026-05-20
CDR1637,P037,P107,354,2025-11-14
CDR1638,P095,P142,347,2025-12-31
CDR1639,P113,P063,1201,2025-10-01
CDR1640,P011,P035,214,2025-11-16
CDR1641,P097,P041,42,2026-01-16
CDR1642,P125,P021,23,2026-05-13
CDR1643,P002,P046,192,2025-10-04
CDR1644,P073,P107,1430,2025-12-30
CDR1645,P122,P033,432,2026-07-27
CDR1646,P037,P070,1081,2026-07-11
CDR1647,P116,P106,499,2026-02-09
CDR1648,P045,P010,1231,2026-07-19
CDR1649,P047,P128,1263,2025-09-26
CDR1650,P023,P078,722,2025-09-26
CDR1651,P108,P002,1152,2026-01-03
CDR1652,P061,P050,250,2026-08-16
CDR1653,P136,P025,1277,2025-12-22
CDR1654,P093,P139,1049,2025-09-06
CDR1655,P057,P119,1587,2026-03-08
CDR1656,P054,P071,118,2026-03-28
CDR1657,P050,P029,1641,2025-10-10
CDR1658,P039,P122,1028,2026-02-21
CDR1659,P046,P041,1382,2025-11-02
CDR1660,P012,P014,1330,2026-07-31
CDR1661,P094,P073,439,2026-07-23
CDR1662,P112,P065,694,2026-06-04
CDR1663,P117,P012,223,2026-05-21
CDR1664,P014,P138,370,2025-11-20
CDR1665,P041,P008,1003,2026-04-15
CDR1666,P132,P030,155,2026-01-05
CDR1667,P061,P114,1223,2025-10-01
CDR1668,P149,P084,868,2026-06-23
CDR1669,P051,P084,481,2026-03-06
CDR1670,P029,P084,476,2026-05-01
CDR1671,P026,P061,1520,2026-02-28
CDR1672,P106,P052,779,2025-09-29
CDR1673,P057,P019,974,2025-11-04
CDR1674,P150,P125,121,2025-09-08
CDR1675,P112,P038,452,2026-01-18
CDR1676,P117,P046,803,2026-02-09
CDR1677,P096,P035,947,2025-09-28
CDR1678,P050,P092,562,2025-09-07
CDR1679,P052,P086,270,2026-01-18
CDR1680,P009,P146,132,2026-01-04
CDR1681,P072,P035,237,2025-10-19
CDR1682,P120,P118,866,2026-06-04
CDR1683,P044,P088,460,2026-01-22
CDR1684,P076,P041,1626,2026-04-04
CDR1685,P044,P148,1142,2026-07-29
CDR1686,P059,P023,853,2025-12-08
CDR1687,P134,P126,1775,2025-10-14
CDR1688,P056,P122,1724,2026-06-13
CDR1689,P119,P072,39,2025-09-08
CDR1690,P110,P064,517,2025-10-01
CDR1691,P084,P112,1196,2025-12-05
CDR1692,P057,P039,1184,2026-06-23
CDR1693,P002,P107,100,2025-09-05
CDR1694,P011,P121,1512,2026-01-23
CDR1695,P130,P009,881,2026-07-25
CDR1696,P136,P101,991,2026-01-09
CDR1697,P026,P116,1024,2025-09-11
CDR1698,P062,P022,1153,2026-07-20
CDR1699,P004,P105,456,2026-04-08
CDR1700,P034,P092,615,2026-08-14
CDR1701,P062,P024,42,2025-12-13
CDR1702,P123,P079,341,2026-09-03
CDR1703,P118,P147,1540,2026-01-12
CDR1704,P150,P007,941,2025-12-14
CDR1705,P119,P036,1800,2026-07-17
CDR1706,P104,P048,1627,2025-11-24
CDR1707,P095,P119,1451,2026-08-29
CDR1708,P001,P019,798,2025-10-15
CDR1709,P086,P136,76,2026-05-13
CDR1710,P076,P110,1551,2026-02-27
CDR1711,P070,P139,1188,2026-07-28
CDR1712,P054,P021,1280,2026-04-28
CDR1713,P086,P015,1064,2025-11-27
CDR1714,P094,P014,237,2026-03-08
CDR1715,P099,P094,963,2025-09-24
CDR1716,P011,P094,760,2026-05-12
CDR1717,P045,P144,1453,2026-02-21
CDR1718,P018,P144,1462,2026-08-04
CDR1719,P053,P036,695,2026-03-13
CDR1720,P062,P139,242,2026-01-04
CDR1721,P123,P149,1794,2026-04-03
CDR1722,P054,P058,666,2025-11-09
CDR1723,P091,P069,1041,2026-01-27
CDR1724,P109,P071,121,2026-06-22
CDR1725,P017,P096,717,2025-10-31
CDR1726,P116,P125,1036,2026-02-01
CDR1727,P135,P032,972,2025-09-03
CDR1728,P137,P075,935,2025-10-19
CDR1729,P095,P017,395,2026-07-02
CDR1730,P118,P023,174,2026-05-25
CDR1731,P101,P046,600,2026-07-03
CDR1732,P020,P028,347,2026-07-16
CDR1733,P071,P029,1437,2026-02-15
CDR1734,P038,P128,318,2025-09-10
CDR1735,P053,P134,1294,2026-02-28
CDR1736,P006,P076,863,2025-09-27
CDR1737,P139,P034,980,2026-02-18
CDR1738,P089,P108,919,2026-05-26
CDR1739,P006,P075,397,2026-02-20
CDR1740,P017,P006,1795,2026-01-17
CDR1741,P060,P134,1330,2026-05-20
CDR1742,P086,P106,1195,2025-09-29
CDR1743,P088,P084,1005,2025-09-17
CDR1744,P136,P141,921,2025-11-14
CDR1745,P118,P078,1171,2026-01-08
CDR1746,P034,P079,361,2025-11-03
CDR1747,P067,P059,1001,2026-02-20
CDR1748,P096,P074,1586,2025-11-14
CDR1749,P013,P038,733,2026-05-25
CDR1750,P073,P117,350,2026-08-19
CDR1751,P042,P138,594,2025-10-23
CDR1752,P047,P045,1728,2026-04-17
CDR1753,P040,P042,497,2026-01-03
CDR1754,P030,P011,658,2026-01-03
CDR1755,P148,P033,912,2026-06-30
CDR1756,P067,P095,387,2025-11-24
CDR1757,P053,P144,1458,2026-03-06
CDR1758,P009,P082,714,2025-09-26
CDR1759,P038,P096,928,2026-06-16
CDR1760,P139,P042,1102,2025-12-03
CDR1761,P078,P032,61,2025-10-03
CDR1762,P104,P128,1583,2026-03-05
CDR1763,P038,P118,665,2025-11-01
CDR1764,P040,P002,1522,2025-09-30
CDR1765,P140,P130,688,2026-02-06
CDR1766,P076,P122,603,2026-01-01
CDR1767,P147,P038,1647,2025-11-25
CDR1768,P145,P114,703,2026-07-20
CDR1769,P029,P123,92,2026-08-30
CDR1770,P036,P142,249,2025-11-20
CDR1771,P079,P007,832,2026-07-19
CDR1772,P057,P115,741,2025-10-24
CDR1773,P024,P084,122,2025-10-31
CDR1774,P050,P150,1088,2026-03-09
CDR1775,P057,P072,410,2025-09-15
CDR1776,P006,P022,1112,2026-02-23
CDR1777,P115,P023,1058,2026-05-08
CDR1778,P101,P050,1014,2026-06-02
CDR1779,P082,P131,124,2025-09-04
CDR1780,P093,P102,312,2025-11-09
CDR1781,P110,P095,800,2026-06-30
CDR1782,P096,P004,592,2026-04-28
CDR1783,P089,P090,640,2026-04-19
CDR1784,P115,P144,189,2025-11-22
CDR1785,P056,P114,1528,2025-12-10
CDR1786,P107,P114,601,2026-03-25
CDR1787,P042,P109,1502,2026-04-27
CDR1788,P107,P036,1721,2025-09-20
CDR1789,P023,P037,435,2026-04-29
CDR1790,P078,P122,1786,2026-06-02
CDR1791,P135,P086,145,2025-09-21
CDR1792,P097,P023,23,2025-11-03
CDR1793,P105,P070,858,2026-07-15
CDR1794,P045,P143,956,2026-04-10
CDR1795,P146,P036,418,2025-11-06
CDR1796,P048,P098,602,2026-08-06
CDR1797,P142,P126,96,2025-12-14
CDR1798,P078,P150,632,2025-09-19
CDR1799,P127,P144,1525,2026-06-12
CDR1800,P119,P058,64,2026-07-11
CDR1801,P001,P040,547,2026-02-27
CDR1802,P077,P121,264,2025-09-11
CDR1803,P074,P107,377,2025-10-05
CDR1804,P126,P063,68,2026-06-23
CDR1805,P031,P071,1019,2026-04-18
CDR1806,P018,P093,1200,2025-12-24
CDR1807,P124,P145,903,2026-08-01
CDR1808,P067,P122,1431,2025-09-08
CDR1809,P031,P096,1059,2025-11-02
CDR1810,P148,P005,1741,2025-09-08
CDR1811,P067,P042,1201,2026-05-20
CDR1812,P015,P038,664,2026-03-05
CDR1813,P119,P035,741,2026-07-26
CDR1814,P042,P014,568,2025-09-16
CDR1815,P093,P108,1313,2026-08-29
CDR1816,P092,P013,603,2025-10-13
CDR1817,P075,P136,1318,2025-09-06
CDR1818,P020,P132,406,2025-10-01
CDR1819,P047,P025,1236,2025-11-16
CDR1820,P043,P140,670,2025-12-27
CDR1821,P081,P078,565,2026-08-31
CDR1822,P093,P025,1104,2026-01-21
CDR1823,P149,P091,1696,2026-07-08
CDR1824,P037,P004,290,2026-07-02
CDR1825,P133,P073,773,2026-01-03
CDR1826,P125,P106,706,2026-03-05
CDR1827,P042,P027,456,2026-09-03
CDR1828,P040,P129,462,2026-03-07
CDR1829,P049,P144,1266,2025-10-24
CDR1830,P135,P137,1469,2026-08-22
CDR1831,P142,P030,864,2025-10-25
CDR1832,P118,P020,248,2026-06-15
CDR1833,P034,P005,992,2026-03-09
CDR1834,P090,P080,1425,2026-07-01
CDR1835,P093,P036,1683,2025-12-26
CDR1836,P114,P134,1573,2026-02-23
CDR1837,P088,P045,1463,2026-07-28
CDR1838,P078,P008,1534,2026-03-16
CDR1839,P031,P057,273,2025-11-05
CDR1840,P037,P059,639,2025-10-11
CDR1841,P033,P054,276,2026-01-11
CDR1842,P021,P109,1424,2026-03-10
CDR1843,P029,P020,48,2025-10-23
CDR1844,P124,P111,97,2026-08-03
CDR1845,P051,P028,77,2025-12-24
CDR1846,P132,P016,970,2026-07-17
CDR1847,P031,P065,98,2025-09-04
CDR1848,P017,P078,1377,2026-08-10
CDR1849,P003,P025,1612,2026-04-14
CDR1850,P032,P053,1213,2026-05-12
CDR1851,P052,P048,1383,2026-03-07
CDR1852,P090,P008,195,2026-08-26
CDR1853,P038,P072,1197,2025-10-28
CDR1854,P090,P091,338,2026-01-02
CDR1855,P129,P062,1044,2026-03-23
CDR1856,P146,P018,212,2025-12-31
CDR1857,P149,P004,1093,2025-10-13
CDR1858,P056,P050,587,2026-08-22
CDR1859,P044,P138,18,2025-11-26
CDR1860,P026,P055,1042,2026-06-13
CDR1861,P122,P094,1439,2026-02-13
CDR1862,P048,P113,1389,2026-07-09
CDR1863,P028,P047,1719,2026-08-21
CDR1864,P091,P098,878,2026-02-25
CDR1865,P055,P132,476,2025-10-26
CDR1866,P105,P029,1569,2026-01-23
CDR1867,P081,P032,964,2025-11-26
CDR1868,P029,P134,288,2026-02-11
CDR1869,P127,P093,1453,2026-08-19
CDR1870,P074,P143,1488,2026-08-10
CDR1871,P011,P022,681,2026-03-15
CDR1872,P127,P030,798,2026-03-16
CDR1873,P073,P117,1239,2026-05-19
CDR1874,P080,P114,472,2026-04-08
CDR1875,P142,P105,605,2026-07-05
CDR1876,P110,P049,1764,2026-02-01
CDR1877,P018,P122,1400,2026-03-24
CDR1878,P095,P046,36,2026-05-22
CDR1879,P126,P027,821,2025-10-14
CDR1880,P113,P134,1358,2026-04-07
CDR1881,P022,P031,303,2026-03-10
CDR1882,P102,P103,1433,2026-01-24
CDR1883,P027,P044,142,2025-11-04
CDR1884,P094,P051,703,2025-11-21
CDR1885,P052,P104,261,2026-02-05
CDR1886,P060,P109,1495,2026-02-13
CDR1887,P128,P072,1576,2025-10-24
CDR1888,P149,P070,1558,2025-09-09
CDR1889,P103,P092,984,2026-07-23
CDR1890,P104,P125,1057,2025-11-15
CDR1891,P072,P038,1582,2025-10-03
CDR1892,P117,P028,260,2025-10-02
CDR1893,P065,P126,1028,2026-05-01
CDR1894,P060,P035,70,2026-05-31
CDR1895,P026,P014,1710,2025-10-04
CDR1896,P018,P128,1398,2025-10-16
CDR1897,P007,P046,793,2026-04-10
CDR1898,P084,P040,630,2026-06-02
CDR1899,P025,P020,1363,2026-02-28
CDR1900,P134,P127,1633,2026-06-25
CDR1901,P120,P052,611,2025-11-28
CDR1902,P128,P126,1043,2026-06-26
CDR1903,P067,P139,713,2026-05-08
CDR1904,P139,P140,46,2025-12-25
CDR1905,P009,P111,253,2025-09-25
CDR1906,P099,P116,654,2026-04-04
CDR1907,P097,P114,951,2026-03-29
CDR1908,P010,P009,372,2025-12-08
CDR1909,P143,P078,1456,2026-01-06
CDR1910,P043,P126,892,2026-03-23
CDR1911,P035,P080,1475,2026-08-02
CDR1912,P100,P125,1574,2026-02-22
CDR1913,P029,P146,1392,2026-04-06
CDR1914,P126,P142,1413,2025-10-07
CDR1915,P139,P147,972,2025-10-22
CDR1916,P122,P144,1759,2025-09-21
CDR1917,P041,P130,124,2026-05-30
CDR1918,P101,P068,1023,2025-12-16
CDR1919,P097,P091,1579,2026-01-11
CDR1920,P073,P083,135,2026-02-10
CDR1921,P008,P012,272,2026-07-04
CDR1922,P094,P090,1667,2026-06-12
CDR1923,P150,P007,1577,2026-06-25
CDR1924,P088,P098,209,2025-11-15
CDR1925,P110,P089,741,2026-02-21
CDR1926,P106,P090,125,2026-03-26
CDR1927,P063,P064,490,2025-12-10
CDR1928,P080,P022,1419,2026-05-06
CDR1929,P017,P079,244,2025-10-16
CDR1930,P087,P044,50,2025-12-22
CDR1931,P138,P084,86,2026-05-12
CDR1932,P118,P109,1173,2025-11-03
CDR1933,P132,P108,556,2025-11-16
CDR1934,P006,P121,1214,2026-08-22
CDR1935,P006,P082,783,2026-07-17
CDR1936,P147,P100,670,2026-07-31
CDR1937,P147,P026,1665,2025-11-12
CDR1938,P126,P026,1424,2026-04-08
CDR1939,P053,P087,1027,2026-04-19
CDR1940,P129,P087,351,2026-04-24
CDR1941,P077,P094,902,2025-12-01
CDR1942,P052,P128,1311,2025-12-18
CDR1943,P020,P138,448,2026-06-19
CDR1944,P074,P068,107,2026-08-19
CDR1945,P077,P147,833,2026-05-24
CDR1946,P058,P024,1479,2026-03-30
CDR1947,P149,P025,1222,2026-08-18
CDR1948,P087,P070,147,2025-11-05
CDR1949,P146,P136,983,2026-08-07
CDR1950,P110,P054,721,2026-08-04
CDR1951,P020,P078,1043,2025-12-12
CDR1952,P077,P111,1368,2025-12-08
CDR1953,P139,P081,419,2026-07-22
CDR1954,P107,P103,524,2025-11-17
CDR1955,P132,P117,1385,2026-05-13
CDR1956,P141,P047,48,2025-11-14
CDR1957,P133,P048,1191,2026-08-12
CDR1958,P128,P055,1363,2026-05-18
CDR1959,P120,P069,1316,2026-06-13
CDR1960,P137,P112,1169,2026-02-13
CDR1961,P016,P134,420,2026-07-24
CDR1962,P094,P119,312,2026-05-23
CDR1963,P062,P039,1538,2026-03-19
CDR1964,P077,P112,850,2026-03-29
CDR1965,P082,P017,1308,2025-10-19
CDR1966,P053,P106,556,2026-06-17
CDR1967,P074,P042,535,2026-01-09
CDR1968,P061,P104,498,2026-03-21
CDR1969,P030,P039,403,2026-03-13
CDR1970,P008,P063,1642,2026-04-27
CDR1971,P080,P119,1004,2025-10-04
CDR1972,P144,P112,874,2026-06-28
CDR1973,P010,P052,336,2026-08-30
CDR1974,P070,P035,69,2026-08-22
CDR1975,P067,P072,1358,2026-08-31
CDR1976,P141,P046,1329,2025-10-28
CDR1977,P011,P125,1612,2025-12-09
CDR1978,P006,P015,1770,2026-03-02
CDR1979,P022,P081,1242,2025-12-03
CDR1980,P077,P017,843,2025-11-28
CDR1981,P094,P024,822,2026-07-06
CDR1982,P036,P061,239,2026-08-15
CDR1983,P147,P129,257,2025-10-13
CDR1984,P134,P149,1597,2026-03-24
CDR1985,P135,P065,1026,2026-06-24
CDR1986,P024,P061,1238,2026-01-10
CDR1987,P032,P081,684,2026-03-03
CDR1988,P150,P100,1660,2026-02-27
CDR1989,P061,P109,456,2025-11-16
CDR1990,P037,P028,368,2026-06-20
CDR1991,P055,P071,910,2025-12-16
CDR1992,P105,P066,1777,2025-12-08
CDR1993,P015,P126,1102,2026-08-02
CDR1994,P096,P029,658,2026-08-06
CDR1995,P140,P109,982,2026-03-02
CDR1996,P064,P072,1616,2025-12-09
CDR1997,P038,P093,983,2025-11-20
CDR1998,P095,P079,53,2026-02-03
CDR1999,P009,P014,1424,2026-01-21
CDR2000,P062,P065,1141,2025-09-13
CDR2001,P099,P080,1318,2025-11-30
CDR2002,P093,P032,1105,2025-11-29
CDR2003,P061,P114,805,2026-06-01
CDR2004,P003,P101,533,2026-07-15
CDR2005,P078,P024,1694,2026-03-17
CDR2006,P061,P077,440,2026-03-21
CDR2007,P042,P113,1303,2026-03-09
CDR2008,P082,P105,1626,2026-02-06
CDR2009,P009,P071,1784,2026-02-06
CDR2010,P021,P126,974,2026-06-02
CDR2011,P106,P086,1479,2025-10-08
CDR2012,P109,P026,1698,2026-08-25
CDR2013,P042,P067,1046,2025-10-18
CDR2014,P017,P091,871,2026-03-07
CDR2015,P141,P084,938,2025-12-22
CDR2016,P008,P014,1323,2025-09-26
CDR2017,P048,P114,1630,2026-02-10
CDR2018,P035,P001,830,2026-05-24
CDR2019,P052,P079,652,2026-04-20
CDR2020,P148,P022,236,2025-11-01
CDR2021,P041,P064,1067,2026-04-19
CDR2022,P034,P106,1633,2026-05-22
CDR2023,P082,P116,989,2026-05-22
CDR2024,P035,P067,365,2025-12-19
CDR2025,P084,P073,416,2026-01-18
CDR2026,P022,P107,762,2026-06-08
CDR2027,P047,P101,782,2025-11-30
CDR2028,P147,P058,52,2025-10-12
CDR2029,P006,P143,1335,2026-06-30
CDR2030,P059,P023,957,2026-03-02
CDR2031,P051,P068,1446,2025-10-29
CDR2032,P044,P013,831,2026-07-20
CDR2033,P110,P067,315,2025-11-08
CDR2034,P023,P095,358,2026-07-13
CDR2035,P146,P031,38,2025-12-18
CDR2036,P135,P112,1593,2026-01-16
CDR2037,P117,P127,252,2026-04-19
CDR2038,P058,P053,400,2025-11-25
CDR2039,P069,P074,1538,2026-01-12
CDR2040,P127,P098,276,2026-05-07
CDR2041,P111,P053,1238,2026-03-23
CDR2042,P056,P073,1498,2026-01-18
CDR2043,P049,P108,379,2026-02-02
CDR2044,P105,P038,68,2025-11-16
CDR2045,P075,P068,492,2026-03-07
CDR2046,P116,P064,767,2026-05-24
CDR2047,P150,P118,185,2026-02-25
CDR2048,P003,P121,282,2026-08-19
CDR2049,P083,P102,1416,2025-11-23
CDR2050,P055,P099,1460,2025-11-25
CDR2051,P109,P066,159,2025-09-10
CDR2052,P025,P143,130,2025-11-22
CDR2053,P014,P086,490,2026-01-24
CDR2054,P121,P091,1251,2026-01-05
CDR2055,P012,P002,529,2025-12-27
CDR2056,P130,P098,629,2026-02-07
CDR2057,P102,P095,280,2025-10-26
CDR2058,P144,P011,1198,2026-03-02
CDR2059,P046,P067,357,2026-08-15
CDR2060,P129,P127,704,2026-05-17
CDR2061,P120,P034,193,2025-11-12
CDR2062,P082,P136,896,2026-07-09
CDR2063,P037,P067,249,2026-07-18
CDR2064,P081,P012,271,2026-05-24
CDR2065,P128,P072,1541,2026-03-10
CDR2066,P093,P111,589,2026-02-11
CDR2067,P068,P133,651,2026-05-13
CDR2068,P112,P043,656,2026-04-19
CDR2069,P126,P039,1148,2026-01-02
CDR2070,P113,P014,396,2026-02-08
CDR2071,P039,P014,480,2026-04-29
CDR2072,P047,P010,973,2026-04-01
CDR2073,P067,P042,1455,2025-09-09
CDR2074,P120,P112,247,2026-02-11
CDR2075,P127,P011,914,2026-02-04
CDR2076,P092,P144,1003,2026-04-20
CDR2077,P118,P127,240,2026-01-24
CDR2078,P038,P032,725,2026-07-26
CDR2079,P024,P053,1788,2026-03-13
CDR2080,P073,P047,1719,2025-11-24
CDR2081,P044,P131,1694,2025-11-14
CDR2082,P070,P145,1368,2025-11-24
CDR2083,P150,P055,1205,2025-11-19
CDR2084,P002,P135,1580,2025-10-05
CDR2085,P147,P047,862,2025-10-10
CDR2086,P020,P064,1583,2026-07-09
CDR2087,P128,P025,683,2026-01-02
CDR2088,P007,P073,1405,2026-07-03
CDR2089,P032,P101,775,2026-01-13
CDR2090,P028,P083,324,2026-01-26
CDR2091,P008,P021,952,2026-07-28
CDR2092,P123,P117,1296,2026-02-19
CDR2093,P069,P002,684,2026-08-17
CDR2094,P012,P116,675,2026-05-12
CDR2095,P146,P034,442,2026-06-29
CDR2096,P013,P073,671,2026-06-20
CDR2097,P015,P019,1130,2026-05-29
CDR2098,P098,P024,826,2026-07-28
CDR2099,P066,P046,501,2026-04-24
CDR2100,P103,P023,52,2026-09-02
CDR2101,P054,P042,805,2025-10-28
CDR2102,P104,P073,1335,2026-06-30
CDR2103,P040,P031,621,2025-10-19
CDR2104,P126,P111,1517,2025-12-15
CDR2105,P080,P034,745,2026-01-30
CDR2106,P025,P095,1059,2025-12-12
CDR2107,P052,P126,922,2026-07-27
CDR2108,P100,P122,559,2026-03-20
CDR2109,P145,P109,194,2026-04-19
CDR2110,P109,P095,1267,2026-01-17
CDR2111,P048,P112,1301,2026-06-24
CDR2112,P110,P024,92,2025-11-25
CDR2113,P132,P088,959,2025-10-06
CDR2114,P058,P040,1024,2026-01-21
CDR2115,P135,P022,605,2026-01-05
CDR2116,P120,P112,172,2025-10-26
CDR2117,P123,P077,314,2026-02-08
CDR2118,P033,P077,1733,2026-06-15
CDR2119,P064,P134,885,2025-12-07
CDR2120,P076,P146,107,2026-08-31
CDR2121,P142,P020,102,2026-04-09
CDR2122,P132,P028,1055,2026-06-05
CDR2123,P109,P106,203,2026-01-26
CDR2124,P119,P146,1674,2026-05-03
CDR2125,P065,P091,531,2026-01-29
CDR2126,P150,P021,1584,2026-04-05
CDR2127,P129,P005,243,2025-12-03
CDR2128,P119,P046,1620,2026-03-04
CDR2129,P047,P101,102,2026-02-06
CDR2130,P022,P107,1452,2026-08-20
CDR2131,P077,P081,1212,2025-10-03
CDR2132,P117,P116,1287,2026-02-08
CDR2133,P068,P088,1794,2026-03-05
CDR2134,P048,P055,389,2025-11-01
CDR2135,P021,P067,1795,2025-12-31
CDR2136,P028,P112,1104,2026-02-18
CDR2137,P005,P002,818,2026-02-02
CDR2138,P030,P004,361,2025-11-04
CDR2139,P123,P118,1426,2025-10-13
CDR2140,P104,P125,630,2026-04-30
CDR2141,P093,P102,1657,2025-09-26
CDR2142,P078,P023,266,2025-12-07
CDR2143,P035,P004,400,2026-02-12
CDR2144,P029,P005,1435,2026-08-02
CDR2145,P049,P007,438,2026-06-18
CDR2146,P124,P038,1340,2026-07-17
CDR2147,P062,P112,1734,2026-07-02
CDR2148,P138,P049,186,2026-02-23
CDR2149,P078,P119,313,2026-03-26
CDR2150,P122,P109,54,2026-07-11
CDR2151,P030,P043,322,2026-03-12
CDR2152,P114,P125,975,2026-02-07
CDR2153,P006,P116,1208,2025-10-13
CDR2154,P063,P052,613,2026-06-09
CDR2155,P146,P101,114,2026-07-09
CDR2156,P086,P003,220,2025-11-14
CDR2157,P111,P107,1747,2026-07-08
CDR2158,P127,P149,1230,2026-02-09
CDR2159,P142,P075,85,2026-01-09
CDR2160,P125,P103,1005,2026-08-15
CDR2161,P132,P125,484,2025-10-30
CDR2162,P016,P136,48,2026-06-11
CDR2163,P109,P148,656,2026-01-22
CDR2164,P142,P017,558,2026-05-06
CDR2165,P107,P122,249,2026-08-07
CDR2166,P127,P089,928,2025-09-27
CDR2167,P112,P006,340,2026-04-27
CDR2168,P074,P050,971,2025-12-06
CDR2169,P089,P113,485,2026-06-15
CDR2170,P130,P057,1213,2026-06-24
CDR2171,P087,P120,278,2026-01-25
CDR2172,P076,P100,863,2026-06-11
CDR2173,P093,P121,1647,2026-02-11
CDR2174,P042,P054,588,2025-09-27
CDR2175,P023,P124,274,2026-07-17
CDR2176,P045,P052,330,2026-05-10
CDR2177,P126,P026,1635,2026-01-27
CDR2178,P107,P127,631,2025-12-04
CDR2179,P061,P054,1150,2026-06-24
CDR2180,P013,P005,744,2025-10-29
CDR2181,P067,P092,1396,2025-11-06
CDR2182,P041,P045,1705,2025-11-17
CDR2183,P129,P009,1662,2026-06-06
CDR2184,P017,P087,891,2026-02-24
CDR2185,P030,P059,257,2026-04-05
CDR2186,P144,P058,1006,2026-02-08
CDR2187,P067,P088,1617,2025-10-24
CDR2188,P091,P012,1587,2026-08-01
CDR2189,P143,P069,319,2026-08-09
CDR2190,P132,P027,1456,2026-06-29
CDR2191,P013,P113,1646,2026-07-05
CDR2192,P118,P029,226,2025-11-09
CDR2193,P027,P144,95,2025-10-16
CDR2194,P130,P027,352,2025-11-20
CDR2195,P031,P053,750,2025-11-02
CDR2196,P041,P075,1460,2025-10-31
CDR2197,P114,P130,1030,2026-07-17
CDR2198,P026,P040,1335,2026-02-23
CDR2199,P094,P086,1687,2026-06-23
CDR2200,P036,P032,1747,2026-01-18
CDR2201,P052,P113,861,2026-08-27
CDR2202,P002,P063,1719,2026-04-06
CDR2203,P122,P088,597,2025-10-06
CDR2204,P130,P044,184,2026-06-30
CDR2205,P069,P096,1474,2026-02-01
CDR2206,P107,P093,1299,2025-11-11
CDR2207,P063,P039,1552,2026-07-10
CDR2208,P136,P108,1622,2026-07-07
CDR2209,P059,P036,1652,2026-03-02
CDR2210,P110,P106,848,2026-01-12
CDR2211,P118,P133,1637,2026-06-30
CDR2212,P093,P008,916,2026-04-02
CDR2213,P038,P003,1479,2026-06-01
CDR2214,P133,P018,183,2026-07-28
CDR2215,P087,P081,832,2025-09-18
CDR2216,P043,P112,135,2026-01-13
CDR2217,P101,P010,1362,2025-11-18
CDR2218,P039,P148,128,2026-02-11
CDR2219,P134,P076,868,2026-03-04
CDR2220,P103,P142,1799,2026-03-23
CDR2221,P078,P081,714,2026-07-11
CDR2222,P003,P072,1090,2025-10-17
CDR2223,P038,P104,923,2026-08-30
CDR2224,P053,P140,1288,2026-03-28
CDR2225,P114,P089,1672,2025-12-27
CDR2226,P104,P051,627,2026-03-05
CDR2227,P022,P010,1110,2026-05-22
CDR2228,P086,P100,1495,2025-12-31
CDR2229,P033,P134,1117,2026-04-12
CDR2230,P073,P055,200,2025-11-12
CDR2231,P131,P142,649,2026-06-20
CDR2232,P134,P088,1560,2025-11-22
CDR2233,P041,P006,67,2026-06-18
CDR2234,P139,P067,504,2026-08-14
CDR2235,P078,P109,1044,2026-02-16
CDR2236,P029,P016,1733,2025-09-19
CDR2237,P096,P067,1294,2025-09-27
CDR2238,P130,P091,263,2026-09-02
CDR2239,P013,P032,929,2026-01-02
CDR2240,P077,P147,1519,2026-02-03
CDR2241,P002,P117,704,2026-03-14
CDR2242,P061,P149,1168,2025-09-09
CDR2243,P137,P060,727,2025-12-11
CDR2244,P077,P073,1375,2026-04-01
CDR2245,P147,P036,1472,2025-11-17
CDR2246,P097,P134,1520,2026-07-10
CDR2247,P064,P027,681,2025-11-22
CDR2248,P133,P150,404,2025-12-22
CDR2249,P093,P117,210,2026-05-31
CDR2250,P038,P109,1706,2025-10-06
CDR2251,P106,P021,198,2026-03-18
CDR2252,P016,P109,276,2026-05-22
CDR2253,P122,P055,923,2026-03-20
CDR2254,P020,P095,1396,2026-08-04
CDR2255,P135,P104,1214,2025-09-05
CDR2256,P144,P133,1605,2026-08-31
CDR2257,P102,P068,1206,2025-12-29
CDR2258,P128,P109,911,2025-10-05
CDR2259,P126,P107,1697,2026-06-15
CDR2260,P042,P037,1045,2025-12-03
CDR2261,P033,P125,1466,2025-09-22
CDR2262,P118,P034,1452,2026-01-07
CDR2263,P132,P136,251,2026-05-08
CDR2264,P055,P117,979,2026-07-19
CDR2265,P009,P041,1154,2026-04-11
CDR2266,P095,P031,1242,2026-08-16
CDR2267,P105,P029,257,2026-05-03
CDR2268,P095,P147,603,2026-01-06
CDR2269,P011,P134,323,2025-09-15
CDR2270,P031,P096,634,2025-11-02
CDR2271,P096,P078,612,2026-05-26
CDR2272,P125,P008,1630,2026-01-25
CDR2273,P037,P108,109,2025-10-03
CDR2274,P079,P073,451,2026-03-25
CDR2275,P047,P126,14,2025-10-21
CDR2276,P032,P141,724,2026-06-16
CDR2277,P018,P012,865,2025-10-14
CDR2278,P124,P147,644,2026-04-02
CDR2279,P145,P116,701,2026-05-18
CDR2280,P097,P122,1718,2026-02-22
CDR2281,P034,P036,1043,2026-01-16
CDR2282,P118,P116,1376,2026-01-19
CDR2283,P115,P039,1784,2026-05-14
CDR2284,P084,P023,1648,2026-04-06
CDR2285,P105,P100,486,2026-01-17
CDR2286,P102,P087,1117,2026-02-13
CDR2287,P012,P114,1517,2026-02-23
CDR2288,P072,P023,1783,2026-06-04
CDR2289,P043,P007,1181,2026-04-17
CDR2290,P080,P144,1331,2026-06-10
CDR2291,P032,P144,184,2026-05-19
CDR2292,P050,P139,1191,2026-02-27
CDR2293,P014,P146,1078,2025-10-07
CDR2294,P049,P122,1039,2025-09-16
CDR2295,P005,P031,1358,2025-09-11
CDR2296,P137,P047,48,2026-03-14
CDR2297,P071,P053,512,2025-10-16
CDR2298,P149,P114,183,2026-04-05
CDR2299,P137,P083,832,2025-09-08
CDR2300,P012,P126,1775,2026-01-30
CDR2301,P006,P088,905,2025-10-10
CDR2302,P047,P107,59,2026-05-13
CDR2303,P136,P082,792,2026-02-13
CDR2304,P066,P024,244,2026-04-10
CDR2305,P026,P139,354,2026-01-04
CDR2306,P074,P037,384,2025-11-26
CDR2307,P066,P023,325,2025-11-25
CDR2308,P079,P105,1399,2025-10-25
CDR2309,P044,P016,1268,2025-10-03
CDR2310,P084,P047,65,2026-05-20
CDR2311,P015,P077,808,2026-04-11
CDR2312,P026,P082,301,2026-02-26
CDR2313,P106,P083,538,2026-05-19
CDR2314,P097,P031,116,2026-08-24
CDR2315,P052,P062,1550,2026-05-09
CDR2316,P061,P127,1051,2025-10-05
CDR2317,P130,P099,245,2025-11-14
CDR2318,P069,P016,661,2026-09-03
CDR2319,P119,P142,843,2026-07-04
CDR2320,P017,P124,69,2026-05-12
CDR2321,P105,P060,48,2025-11-02
CDR2322,P069,P142,1210,2026-07-13
CDR2323,P026,P064,1572,2026-04-28
CDR2324,P143,P033,633,2026-05-29
CDR2325,P146,P105,923,2026-07-11
CDR2326,P022,P129,426,2025-10-23
CDR2327,P037,P096,1116,2025-12-19
CDR2328,P044,P063,1110,2026-01-29
CDR2329,P109,P143,935,2025-10-19
CDR2330,P011,P001,1674,2025-10-24
CDR2331,P119,P075,1347,2026-04-15
CDR2332,P043,P001,133,2025-10-30
CDR2333,P124,P070,1234,2026-01-06
CDR2334,P065,P098,729,2026-03-29
CDR2335,P055,P150,1731,2026-03-26
CDR2336,P131,P073,103,2025-12-26
CDR2337,P042,P137,1163,2026-07-26
CDR2338,P018,P077,193,2026-07-14
CDR2339,P102,P032,1710,2025-09-04
CDR2340,P036,P143,582,2026-01-14
CDR2341,P111,P054,1260,2026-01-26
CDR2342,P130,P082,1406,2025-09-12
CDR2343,P088,P067,1551,2026-07-02
CDR2344,P116,P070,513,2026-01-18
CDR2345,P083,P088,441,2026-06-01
CDR2346,P118,P085,42,2025-12-08
CDR2347,P035,P001,1256,2026-02-03
CDR2348,P122,P002,29,2026-05-11
CDR2349,P045,P106,1148,2026-08-06
CDR2350,P126,P101,1112,2026-02-23
CDR2351,P021,P020,1113,2026-03-14
CDR2352,P008,P114,1386,2025-12-24
CDR2353,P032,P091,1674,2026-01-24
CDR2354,P097,P092,802,2026-07-21
CDR2355,P046,P003,265,2026-03-08
CDR2356,P119,P095,405,2025-12-05
CDR2357,P114,P003,463,2026-06-13
CDR2358,P006,P072,1403,2026-01-21
CDR2359,P092,P050,194,2025-10-30
CDR2360,P078,P057,489,2026-06-05
CDR2361,P127,P093,85,2026-03-30
CDR2362,P072,P127,1451,2025-12-08
CDR2363,P054,P002,411,2026-04-02
CDR2364,P102,P029,1791,2026-04-18
CDR2365,P072,P146,1034,2025-09-15
CDR2366,P127,P044,1140,2025-09-30
CDR2367,P050,P145,1386,2026-01-09
CDR2368,P145,P045,143,2025-12-19
CDR2369,P033,P017,270,2026-03-11
CDR2370,P067,P146,1762,2026-05-22
CDR2371,P059,P134,1502,2025-11-11
CDR2372,P071,P050,1746,2026-03-21
CDR2373,P006,P137,1268,2025-10-26
CDR2374,P065,P144,939,2026-08-29
CDR2375,P001,P110,1322,2026-02-12
CDR2376,P014,P083,895,2025-10-19
CDR2377,P105,P071,259,2026-01-29
CDR2378,P133,P120,1024,2026-03-16
CDR2379,P093,P133,1564,2026-02-24
CDR2380,P012,P058,106,2025-09-24
CDR2381,P072,P108,1100,2026-02-04
CDR2382,P115,P081,20,2026-03-15
CDR2383,P101,P050,695,2026-05-10
CDR2384,P021,P147,1664,2026-06-24
CDR2385,P007,P058,1422,2026-07-06
CDR2386,P109,P020,521,2025-10-04
CDR2387,P051,P043,684,2026-02-20
CDR2388,P080,P017,1292,2026-08-30
CDR2389,P025,P008,992,2026-05-20
CDR2390,P111,P007,1223,2026-05-07
CDR2391,P086,P065,516,2026-04-26
CDR2392,P028,P122,498,2025-12-18
CDR2393,P088,P014,1692,2025-09-12
CDR2394,P086,P134,1636,2026-03-23
CDR2395,P061,P019,1598,2026-08-10
CDR2396,P113,P025,1290,2026-06-02
CDR2397,P115,P149,265,2026-08-30
CDR2398,P022,P016,78,2025-11-12
CDR2399,P097,P081,1746,2026-04-03
CDR2400,P017,P033,136,2025-09-21
CDR2401,P114,P015,627,2026-07-08
CDR2402,P111,P017,218,2026-07-12
CDR2403,P015,P144,116,2026-01-27
CDR2404,P076,P098,832,2026-03-25
CDR2405,P025,P106,487,2026-01-06
CDR2406,P003,P117,796,2026-05-20
CDR2407,P119,P110,1280,2026-08-25
CDR2408,P026,P087,1343,2026-01-23
CDR2409,P007,P117,1069,2026-01-19
CDR2410,P085,P050,231,2025-11-05
CDR2411,P027,P004,1228,2026-01-20
CDR2412,P018,P050,1183,2025-10-30
CDR2413,P033,P131,534,2026-02-22
CDR2414,P091,P108,995,2025-11-23
CDR2415,P114,P048,507,2025-10-04
CDR2416,P036,P012,133,2026-04-30
CDR2417,P033,P080,1207,2026-01-20
CDR2418,P112,P132,1344,2026-01-29
CDR2419,P092,P080,1205,2025-09-30
CDR2420,P139,P038,311,2026-07-17
CDR2421,P121,P080,1245,2025-10-24
CDR2422,P088,P075,765,2026-07-03
CDR2423,P003,P133,1211,2026-05-29
CDR2424,P038,P015,496,2025-12-05
CDR2425,P130,P144,1768,2025-12-30
CDR2426,P014,P109,714,2026-01-20
CDR2427,P051,P052,1321,2026-06-21
CDR2428,P052,P018,709,2025-10-25
CDR2429,P049,P122,1432,2026-02-03
CDR2430,P120,P085,1754,2025-09-26
CDR2431,P149,P145,697,2025-10-07
CDR2432,P077,P108,683,2025-09-12
CDR2433,P042,P027,940,2026-05-21
CDR2434,P011,P127,459,2026-08-04
CDR2435,P001,P058,1429,2026-04-17
CDR2436,P059,P120,1287,2026-08-15
CDR2437,P055,P062,994,2025-10-13
CDR2438,P085,P097,430,2026-06-30
CDR2439,P103,P048,1701,2026-02-06
CDR2440,P002,P093,30,2026-07-01
CDR2441,P019,P092,71,2025-09-12
CDR2442,P143,P030,301,2025-11-03
CDR2443,P075,P113,408,2025-12-20
CDR2444,P150,P093,99,2025-09-24
CDR2445,P008,P051,415,2026-07-16
CDR2446,P073,P045,458,2026-08-01
CDR2447,P068,P045,705,2026-08-14
CDR2448,P142,P063,375,2026-05-15
CDR2449,P051,P006,370,2025-11-03
CDR2450,P068,P026,52,2026-03-14
CDR2451,P036,P098,1351,2025-10-26
CDR2452,P029,P087,440,2026-07-17
CDR2453,P079,P117,501,2026-06-26
CDR2454,P095,P096,1363,2026-06-20
CDR2455,P044,P135,1646,2025-12-13
CDR2456,P112,P017,252,2026-01-10
CDR2457,P037,P034,1637,2026-06-26
CDR2458,P049,P050,1100,2026-08-28
CDR2459,P097,P096,661,2026-07-23
CDR2460,P110,P063,104,2026-04-07
CDR2461,P049,P138,612,2026-07-07
CDR2462,P039,P084,516,2025-11-09
CDR2463,P014,P072,1797,2026-02-01
CDR2464,P033,P131,1206,2026-04-18
CDR2465,P126,P054,1499,2025-09-09
CDR2466,P021,P121,1629,2026-08-21
CDR2467,P017,P043,1051,2026-05-25
CDR2468,P100,P131,776,2025-10-25
CDR2469,P128,P133,960,2026-02-15
CDR2470,P046,P083,1469,2026-08-20
CDR2471,P096,P135,1432,2025-10-23
CDR2472,P124,P127,980,2026-04-06
CDR2473,P069,P149,831,2026-05-01
CDR2474,P150,P010,434,2026-04-12
CDR2475,P057,P052,935,2025-11-29
CDR2476,P061,P102,457,2025-09-10
CDR2477,P079,P109,782,2026-08-25
CDR2478,P147,P041,1735,2025-11-24
CDR2479,P096,P066,1137,2026-08-16
CDR2480,P022,P035,1549,2026-04-17
CDR2481,P022,P076,920,2026-06-11
CDR2482,P133,P091,481,2025-09-22
CDR2483,P150,P011,962,2025-09-06
CDR2484,P132,P087,882,2025-12-06
CDR2485,P116,P120,895,2026-04-29
CDR2486,P105,P095,1657,2025-12-25
CDR2487,P128,P082,569,2026-04-10
CDR2488,P098,P007,377,2026-08-24
CDR2489,P114,P060,553,2025-10-30
CDR2490,P020,P092,178,2026-05-02
CDR2491,P076,P129,1060,2026-07-27
CDR2492,P140,P021,1619,2025-10-30
CDR2493,P071,P059,211,2025-10-15
CDR2494,P031,P019,747,2026-08-13
CDR2495,P010,P140,420,2026-03-18
CDR2496,P086,P051,1392,2026-01-12
CDR2497,P085,P065,629,2026-01-24
CDR2498,P071,P049,1455,2026-05-15
CDR2499,P036,P140,544,2026-05-12
CDR2500,P003,P077,587,2026-08-19
CDR2501,P089,P104,840,2026-06-27
CDR2502,P149,P004,976,2025-11-22
CDR2503,P132,P039,1782,2026-07-31
CDR2504,P102,P059,474,2025-09-11
CDR2505,P054,P122,488,2026-02-14
CDR2506,P133,P142,1561,2026-07-01
CDR2507,P120,P119,707,2026-01-18
CDR2508,P022,P081,1742,2026-07-07
CDR2509,P049,P110,1587,2026-05-16
CDR2510,P107,P054,908,2025-09-17
CDR2511,P116,P143,71,2025-10-11
CDR2512,P096,P036,1192,2026-07-03
CDR2513,P033,P079,1521,2025-09-25
CDR2514,P003,P128,1669,2026-06-22
CDR2515,P091,P087,471,2025-12-02
CDR2516,P108,P109,1414,2026-07-23
CDR2517,P104,P138,623,2026-02-27
CDR2518,P084,P006,1172,2025-12-03
CDR2519,P009,P036,324,2026-07-18
CDR2520,P085,P146,1299,2026-01-26
CDR2521,P147,P101,790,2026-01-14
CDR2522,P053,P101,140,2026-08-06
CDR2523,P137,P099,395,2025-11-23
CDR2524,P122,P028,683,2025-10-17
CDR2525,P146,P116,1318,2025-09-26
CDR2526,P078,P024,361,2025-12-04
CDR2527,P027,P142,373,2026-06-07
CDR2528,P009,P126,64,2026-02-26
CDR2529,P048,P051,152,2025-11-22
CDR2530,P099,P073,431,2025-11-23
CDR2531,P060,P075,1360,2025-11-12
CDR2532,P135,P018,941,2026-09-02
CDR2533,P015,P095,1071,2025-12-19
CDR2534,P003,P044,679,2026-05-13
CDR2535,P106,P101,331,2026-01-08
CDR2536,P029,P034,1108,2026-04-11
CDR2537,P108,P123,1531,2026-07-31
CDR2538,P018,P100,1782,2025-11-01
CDR2539,P053,P034,1792,2026-05-22
CDR2540,P053,P080,895,2025-11-08
CDR2541,P122,P041,1246,2026-05-02
CDR2542,P148,P080,1213,2026-01-20
CDR2543,P052,P129,1477,2026-02-24
CDR2544,P118,P071,423,2026-01-06
CDR2545,P002,P037,922,2025-09-04
CDR2546,P017,P103,1248,2025-11-03
CDR2547,P064,P135,683,2025-09-12
CDR2548,P146,P126,952,2026-01-10
CDR2549,P119,P148,90,2025-11-29
CDR2550,P024,P074,1333,2026-06-11
CDR2551,P117,P089,1444,2026-08-01
CDR2552,P077,P101,1265,2025-09-30
CDR2553,P045,P107,520,2026-08-28
CDR2554,P046,P111,947,2026-01-03
CDR2555,P099,P047,1440,2026-06-23
CDR2556,P146,P025,815,2026-05-14
CDR2557,P012,P062,1792,2025-10-29
CDR2558,P041,P071,1296,2026-01-26
CDR2559,P138,P075,1375,2025-11-22
CDR2560,P018,P056,1020,2026-02-06
CDR2561,P106,P142,258,2025-11-20
CDR2562,P095,P020,1557,2026-02-19
CDR2563,P027,P130,1579,2025-12-22
CDR2564,P084,P105,933,2026-07-26
CDR2565,P043,P065,434,2026-09-03
CDR2566,P130,P012,956,2026-08-16
CDR2567,P007,P019,1318,2025-12-15
CDR2568,P119,P098,713,2026-04-13
CDR2569,P103,P050,822,2025-10-21
CDR2570,P010,P003,523,2026-07-21
CDR2571,P030,P035,679,2026-03-23
CDR2572,P119,P125,954,2025-09-08
CDR2573,P018,P022,1133,2026-06-30
CDR2574,P063,P113,297,2025-09-17
CDR2575,P121,P072,1733,2026-04-23
CDR2576,P042,P044,1727,2025-10-23
CDR2577,P005,P026,372,2025-11-17
CDR2578,P076,P032,1104,2026-02-03
CDR2579,P101,P044,168,2025-10-01
CDR2580,P003,P070,324,2026-08-18
CDR2581,P113,P092,374,2026-07-29
CDR2582,P056,P009,1392,2026-03-18
CDR2583,P137,P056,915,2025-11-19
CDR2584,P013,P134,1322,2025-10-11
CDR2585,P027,P100,1423,2025-12-27
CDR2586,P079,P114,117,2026-07-26
CDR2587,P002,P013,1591,2026-08-23
CDR2588,P097,P052,521,2026-05-30
CDR2589,P096,P062,419,2025-12-19
CDR2590,P024,P005,873,2025-11-28
CDR2591,P008,P004,700,2026-06-20
CDR2592,P050,P017,461,2025-12-03
CDR2593,P025,P043,1492,2026-08-27
CDR2594,P043,P012,861,2026-05-12
CDR2595,P132,P028,1680,2026-04-23
CDR2596,P084,P083,1161,2025-12-29
CDR2597,P049,P054,1119,2025-12-20
CDR2598,P102,P110,257,2026-05-23
CDR2599,P060,P055,226,2026-04-14
CDR2600,P092,P083,365,2026-08-24
CDR2601,P004,P103,1349,2025-12-14
CDR2602,P081,P004,807,2026-05-27
CDR2603,P055,P118,460,2026-02-27
CDR2604,P017,P072,1341,2026-08-09
CDR2605,P095,P012,147,2026-03-18
CDR2606,P056,P106,627,2026-08-20
CDR2607,P128,P027,1469,2026-01-16
CDR2608,P138,P146,361,2026-02-11
CDR2609,P065,P025,1238,2026-08-10
CDR2610,P084,P100,1398,2025-10-22
CDR2611,P035,P086,369,2025-12-25
CDR2612,P082,P124,148,2026-07-19
CDR2613,P086,P005,1256,2025-09-11
CDR2614,P150,P115,793,2026-03-19
CDR2615,P131,P060,1041,2026-01-04
CDR2616,P004,P060,53,2026-08-08
CDR2617,P032,P080,494,2026-06-04
CDR2618,P110,P063,1279,2025-12-26
CDR2619,P021,P016,291,2026-06-09
CDR2620,P096,P128,617,2026-06-24
CDR2621,P052,P039,779,2026-07-01
CDR2622,P053,P010,497,2026-07-30
CDR2623,P114,P085,284,2025-12-01
CDR2624,P072,P082,1328,2025-11-04
CDR2625,P011,P134,1631,2025-11-02
CDR2626,P107,P074,1547,2026-04-09
CDR2627,P007,P059,1744,2026-05-22
CDR2628,P085,P088,506,2025-10-06
CDR2629,P053,P139,120,2026-08-06
CDR2630,P064,P057,1255,2025-09-30
CDR2631,P098,P134,668,2025-11-15
CDR2632,P047,P114,1299,2026-07-10
CDR2633,P002,P017,1791,2026-05-12
CDR2634,P126,P018,404,2025-09-24
CDR2635,P014,P037,428,2026-01-27
CDR2636,P033,P024,365,2026-07-30
CDR2637,P141,P053,493,2025-11-17
CDR2638,P130,P021,882,2026-02-17
CDR2639,P120,P080,346,2026-05-20
CDR2640,P051,P063,878,2026-03-02
CDR2641,P046,P064,630,2025-11-19
CDR2642,P074,P148,928,2025-09-14
CDR2643,P052,P070,1776,2026-05-21
CDR2644,P124,P021,746,2026-02-14
CDR2645,P102,P097,353,2025-10-15
CDR2646,P121,P113,875,2025-12-25
CDR2647,P130,P111,1567,2026-03-19
CDR2648,P040,P124,50,2026-03-21
CDR2649,P098,P110,1759,2026-07-24
CDR2650,P022,P077,1228,2026-04-30
CDR2651,P138,P040,1142,2025-10-25
CDR2652,P045,P066,789,2025-12-26
CDR2653,P119,P079,938,2026-07-18
CDR2654,P073,P097,1161,2026-02-26
CDR2655,P124,P019,692,2025-10-13
CDR2656,P035,P121,410,2026-06-19
CDR2657,P040,P049,18,2025-10-15
CDR2658,P004,P129,1505,2026-02-10
CDR2659,P096,P126,838,2026-01-06
CDR2660,P107,P102,1530,2026-08-13
CDR2661,P096,P099,1012,2026-02-25
CDR2662,P079,P019,847,2026-06-21
CDR2663,P010,P032,798,2026-02-27
CDR2664,P145,P042,407,2026-04-24
CDR2665,P112,P066,1589,2026-06-16
CDR2666,P090,P131,1462,2026-01-02
CDR2667,P126,P095,1436,2026-01-27
CDR2668,P015,P099,878,2025-10-06
CDR2669,P064,P063,988,2026-01-10
CDR2670,P009,P093,1302,2026-05-06
CDR2671,P008,P038,545,2025-11-05
CDR2672,P117,P038,530,2026-02-18
CDR2673,P064,P149,1367,2026-05-23
CDR2674,P042,P004,249,2026-06-28
CDR2675,P024,P099,824,2026-07-12
CDR2676,P021,P133,396,2025-11-26
CDR2677,P109,P043,1709,2025-09-16
CDR2678,P110,P065,1426,2025-12-26
CDR2679,P078,P129,1101,2026-04-13
CDR2680,P098,P079,1513,2025-09-24
CDR2681,P106,P023,233,2025-09-13
CDR2682,P147,P089,1677,2026-07-03
CDR2683,P037,P069,1543,2025-12-14
CDR2684,P054,P102,1441,2025-10-07
CDR2685,P079,P002,354,2025-09-17
CDR2686,P126,P001,208,2025-11-10
CDR2687,P018,P107,1085,2026-07-24
CDR2688,P107,P074,1511,2026-03-04
CDR2689,P111,P044,371,2026-06-03
CDR2690,P096,P048,1451,2025-12-11
CDR2691,P035,P051,1006,2026-08-10
CDR2692,P047,P129,235,2026-04-02
CDR2693,P116,P146,1677,2026-03-16
CDR2694,P055,P048,421,2025-12-25
CDR2695,P016,P047,1667,2026-06-20
CDR2696,P050,P067,1795,2026-02-28
CDR2697,P105,P113,1293,2025-11-21
CDR2698,P028,P043,173,2026-06-27
CDR2699,P076,P022,783,2025-11-20
CDR2700,P032,P071,141,2025-10-01
CDR2701,P088,P008,1209,2025-10-31
CDR2702,P061,P123,1003,2025-11-03
CDR2703,P026,P003,135,2026-04-21
CDR2704,P069,P002,1372,2026-01-27
CDR2705,P150,P011,208,2025-11-27
CDR2706,P055,P134,1631,2026-08-23
CDR2707,P002,P097,1244,2025-10-30
CDR2708,P134,P069,1005,2025-10-29
CDR2709,P122,P087,1247,2025-09-12
CDR2710,P110,P087,769,2026-08-27
CDR2711,P088,P081,1682,2025-10-29
CDR2712,P062,P093,1372,2026-02-19
CDR2713,P103,P097,1260,2026-06-29
CDR2714,P015,P092,1798,2026-06-06
CDR2715,P085,P026,16,2026-02-16
CDR2716,P117,P103,1495,2026-02-09
CDR2717,P036,P007,1242,2026-05-26
CDR2718,P032,P136,582,2025-09-25
CDR2719,P064,P095,935,2026-06-29
CDR2720,P122,P132,856,2025-10-19
CDR2721,P049,P001,1316,2026-07-25
CDR2722,P083,P005,1307,2025-12-19
CDR2723,P093,P012,1663,2026-01-04
CDR2724,P084,P114,488,2025-10-27
CDR2725,P125,P103,1523,2026-08-09
CDR2726,P021,P090,886,2025-11-12
CDR2727,P122,P026,1513,2026-02-28
CDR2728,P099,P076,1253,2026-07-10
CDR2729,P050,P037,1791,2026-07-06
CDR2730,P134,P147,1617,2026-07-09
CDR2731,P130,P009,271,2026-02-28
CDR2732,P128,P023,627,2025-11-12
CDR2733,P141,P120,354,2026-07-03
CDR2734,P115,P030,997,2025-11-16
CDR2735,P139,P062,508,2026-08-20
CDR2736,P055,P044,1552,2026-04-22
CDR2737,P023,P028,900,2026-08-26
CDR2738,P008,P042,678,2026-05-18
CDR2739,P099,P072,461,2026-06-17
CDR2740,P066,P122,1383,2026-06-19
CDR2741,P032,P035,1104,2026-06-18
CDR2742,P126,P024,1639,2026-05-13
CDR2743,P086,P058,1189,2025-11-05
CDR2744,P017,P088,782,2026-01-02
CDR2745,P098,P144,1763,2025-12-04
CDR2746,P112,P060,467,2026-03-16
CDR2747,P067,P030,605,2026-05-27
CDR2748,P023,P029,192,2025-11-17
CDR2749,P088,P049,1534,2026-05-15
CDR2750,P030,P147,763,2026-06-18
CDR2751,P033,P081,788,2026-08-13
CDR2752,P148,P001,646,2025-09-15
CDR2753,P016,P138,398,2025-09-28
CDR2754,P100,P109,664,2025-10-10
CDR2755,P094,P033,1074,2025-12-01
CDR2756,P057,P028,819,2025-12-28
CDR2757,P003,P138,1755,2026-08-06
CDR2758,P118,P081,306,2025-09-11
CDR2759,P076,P057,1033,2025-10-31
CDR2760,P117,P038,1241,2025-09-10
CDR2761,P073,P038,1539,2026-06-30
CDR2762,P009,P082,642,2026-01-31
CDR2763,P129,P032,570,2025-09-21
CDR2764,P147,P123,1302,2025-10-09
CDR2765,P056,P127,606,2025-10-19
CDR2766,P097,P016,1669,2026-01-01
CDR2767,P086,P040,1705,2026-03-28
CDR2768,P054,P058,1444,2025-12-05
CDR2769,P014,P046,1764,2026-07-22
CDR2770,P125,P101,622,2025-12-18
CDR2771,P041,P006,1132,2026-07-25
CDR2772,P101,P087,875,2026-08-20
CDR2773,P122,P090,1561,2026-05-04
CDR2774,P101,P019,1091,2025-10-24
CDR2775,P073,P050,1445,2026-08-01
CDR2776,P141,P101,209,2026-07-08
CDR2777,P034,P083,1550,2026-03-17
CDR2778,P149,P014,1750,2026-02-21
CDR2779,P078,P118,1350,2025-09-05
CDR2780,P042,P148,291,2025-12-29
CDR2781,P114,P124,606,2026-09-01
CDR2782,P038,P054,456,2026-07-24
CDR2783,P051,P003,751,2026-06-21
CDR2784,P148,P027,1399,2026-08-23
CDR2785,P038,P097,884,2025-10-18
CDR2786,P044,P015,206,2025-09-15
CDR2787,P092,P122,377,2026-02-20
CDR2788,P014,P031,1065,2026-06-29
CDR2789,P087,P112,314,2025-10-20
CDR2790,P104,P063,79,2026-07-31
CDR2791,P031,P062,822,2025-10-30
CDR2792,P126,P078,1418,2026-08-05
CDR2793,P045,P097,1598,2025-10-26
CDR2794,P023,P119,1781,2026-07-12
CDR2795,P098,P071,1305,2025-12-12
CDR2796,P114,P095,33,2026-07-14
CDR2797,P031,P030,179,2026-05-29
CDR2798,P032,P126,1323,2026-04-05
CDR2799,P131,P058,57,2026-06-14
CDR2800,P147,P123,570,2026-06-04
CDR2801,P025,P047,796,2026-04-27
CDR2802,P124,P112,621,2026-08-22
CDR2803,P147,P033,213,2026-06-17
CDR2804,P084,P017,1471,2026-07-24
CDR2805,P138,P048,840,2026-05-16
CDR2806,P006,P101,1148,2025-12-30
CDR2807,P138,P136,1010,2026-06-17
CDR2808,P017,P133,1724,2026-01-14
CDR2809,P150,P138,1471,2025-09-30
CDR2810,P032,P054,1358,2026-02-22
CDR2811,P031,P047,1775,2026-03-30
CDR2812,P047,P002,1146,2026-08-13
CDR2813,P115,P081,261,2025-12-19
CDR2814,P011,P033,1187,2026-03-20
CDR2815,P053,P042,189,2026-05-04
CDR2816,P144,P066,1753,2026-07-22
CDR2817,P009,P022,265,2026-08-15
CDR2818,P130,P077,754,2026-06-03
CDR2819,P140,P044,876,2026-01-15
CDR2820,P001,P064,625,2026-04-17
CDR2821,P012,P133,1613,2026-01-01
CDR2822,P076,P137,921,2026-07-08
CDR2823,P036,P148,1014,2025-11-12
CDR2824,P081,P134,731,2025-09-30
CDR2825,P138,P131,439,2026-05-10
CDR2826,P026,P012,495,2025-10-11
CDR2827,P010,P049,300,2025-11-09
CDR2828,P077,P056,284,2025-09-29
CDR2829,P142,P056,1221,2026-08-22
CDR2830,P092,P072,273,2026-01-19
CDR2831,P109,P020,1136,2026-05-17
CDR2832,P066,P067,791,2025-12-26
CDR2833,P042,P103,944,2026-05-19
CDR2834,P022,P066,1395,2025-09-27
CDR2835,P109,P037,1107,2025-11-03
CDR2836,P053,P019,1299,2025-12-30
CDR2837,P069,P050,1473,2026-05-02
CDR2838,P096,P145,1356,2025-09-15
CDR2839,P131,P042,869,2026-03-10
CDR2840,P040,P081,1623,2025-11-21
CDR2841,P112,P098,63,2025-10-20
CDR2842,P064,P020,563,2026-04-22
CDR2843,P032,P137,235,2026-08-11
CDR2844,P141,P105,145,2025-10-23
CDR2845,P085,P023,753,2025-11-18
CDR2846,P086,P070,309,2026-08-09
CDR2847,P058,P071,30,2026-01-08
CDR2848,P026,P097,465,2025-12-01
CDR2849,P097,P027,1613,2026-08-13
CDR2850,P032,P045,1088,2025-12-07
CDR2851,P079,P126,205,2026-07-14
CDR2852,P136,P090,1444,2026-07-31
CDR2853,P147,P073,1139,2025-09-07
CDR2854,P070,P026,108,2025-10-01
CDR2855,P044,P082,1549,2026-08-25
CDR2856,P100,P047,716,2026-04-08
CDR2857,P137,P142,1227,2026-08-15
CDR2858,P104,P123,1223,2026-09-03
CDR2859,P033,P067,29,2025-11-03
CDR2860,P132,P040,1356,2025-10-09
CDR2861,P033,P037,785,2026-06-17
CDR2862,P146,P069,118,2026-05-19
CDR2863,P095,P064,1398,2026-01-17
CDR2864,P108,P118,384,2026-06-19
CDR2865,P113,P091,1645,2026-03-16
CDR2866,P120,P129,597,2025-11-11
CDR2867,P071,P110,1076,2025-09-20
CDR2868,P059,P079,1311,2026-03-28
CDR2869,P023,P079,842,2026-01-01
CDR2870,P081,P024,1309,2025-09-23
CDR2871,P021,P020,1504,2026-05-14
CDR2872,P062,P024,348,2026-01-30
CDR2873,P148,P015,183,2025-11-20
CDR2874,P074,P142,1019,2026-08-27
CDR2875,P003,P109,1396,2025-09-14
CDR2876,P131,P035,992,2026-03-17
CDR2877,P128,P132,1413,2026-07-04
CDR2878,P137,P032,840,2026-06-18
CDR2879,P004,P049,1712,2026-07-30
CDR2880,P002,P109,1448,2026-02-05
CDR2881,P137,P089,510,2026-04-02
CDR2882,P136,P011,1253,2026-03-23
CDR2883,P115,P044,1391,2025-10-12
CDR2884,P135,P058,368,2026-02-24
CDR2885,P020,P094,1729,2026-02-26
CDR2886,P035,P132,733,2026-08-13
CDR2887,P014,P109,1024,2026-08-31
CDR2888,P098,P044,774,2026-01-03
CDR2889,P029,P087,1400,2025-12-25
CDR2890,P064,P139,1752,2025-11-07
CDR2891,P031,P075,622,2026-03-20
CDR2892,P124,P076,552,2026-07-26
CDR2893,P055,P001,1521,2026-08-09
CDR2894,P146,P101,455,2026-03-24
CDR2895,P079,P132,1701,2026-05-12
CDR2896,P010,P119,1275,2026-05-02
CDR2897,P125,P015,738,2026-09-01
CDR2898,P002,P118,682,2025-10-04
CDR2899,P077,P091,229,2026-06-12
CDR2900,P002,P090,1489,2025-12-06
CDR2901,P048,P103,736,2026-01-14
CDR2902,P003,P026,892,2026-01-02
CDR2903,P126,P051,183,2026-04-09
CDR2904,P136,P132,324,2025-10-06
CDR2905,P106,P032,1008,2026-06-20
CDR2906,P002,P040,1585,2026-05-25
CDR2907,P065,P058,973,2026-02-22
CDR2908,P102,P096,622,2026-06-13
CDR2909,P094,P110,383,2026-01-04
CDR2910,P138,P069,232,2026-05-27
CDR2911,P113,P042,296,2026-06-13
CDR2912,P091,P112,21,2026-07-30
CDR2913,P092,P051,236,2026-05-24
CDR2914,P049,P073,92,2026-03-06
CDR2915,P035,P102,872,2026-07-30
CDR2916,P085,P009,338,2026-02-23
CDR2917,P051,P123,1372,2026-07-30
CDR2918,P069,P031,872,2026-01-27
CDR2919,P126,P141,1024,2026-02-22
CDR2920,P033,P084,1548,2026-02-19
CDR2921,P103,P129,1496,2026-07-23
CDR2922,P100,P034,234,2026-04-17
CDR2923,P028,P006,268,2025-12-04
CDR2924,P040,P089,1034,2026-03-05
CDR2925,P004,P061,116,2026-01-09
CDR2926,P088,P110,1232,2026-04-03
CDR2927,P003,P112,993,2025-11-26
CDR2928,P075,P073,1005,2026-04-20
CDR2929,P022,P110,517,2026-02-10
CDR2930,P040,P131,392,2026-05-17
CDR2931,P064,P072,1580,2026-02-05
CDR2932,P030,P068,1445,2026-01-14
CDR2933,P064,P110,416,2025-12-20
CDR2934,P122,P027,1445,2025-12-17
CDR2935,P129,P047,396,2026-06-02
CDR2936,P039,P059,256,2026-01-05
CDR2937,P034,P103,88,2025-11-11
CDR2938,P071,P050,309,2025-09-16
CDR2939,P110,P005,1272,2026-04-02
CDR2940,P052,P024,1780,2026-08-10
CDR2941,P014,P098,844,2025-09-25
CDR2942,P135,P079,1443,2026-01-24
CDR2943,P060,P057,698,2025-11-16
CDR2944,P110,P123,135,2025-11-27
CDR2945,P131,P110,1328,2025-10-26
CDR2946,P014,P078,235,2026-08-12
CDR2947,P069,P094,584,2026-05-31
CDR2948,P090,P108,515,2026-06-30
CDR2949,P082,P013,382,2025-12-26
CDR2950,P011,P001,116,2026-07-07
CDR2951,P083,P055,594,2026-01-27
CDR2952,P121,P072,1252,2026-06-28
CDR2953,P026,P111,388,2026-04-18
CDR2954,P065,P126,754,2026-06-13
CDR2955,P086,P078,238,2026-02-22
CDR2956,P025,P004,1408,2026-02-08
CDR2957,P142,P034,688,2025-12-07
CDR2958,P093,P136,1248,2026-07-22
CDR2959,P096,P061,1341,2026-02-25
CDR2960,P071,P054,1206,2026-04-16
CDR2961,P099,P023,227,2025-12-15
CDR2962,P034,P031,94,2026-05-25
CDR2963,P049,P050,1453,2025-09-05
CDR2964,P115,P026,163,2026-06-15
CDR2965,P140,P088,627,2026-06-14
CDR2966,P122,P052,1102,2026-04-21
CDR2967,P040,P012,271,2026-03-26
CDR2968,P050,P108,1137,2026-02-02
CDR2969,P065,P144,721,2026-08-11
CDR2970,P094,P115,1299,2026-02-07
CDR2971,P031,P112,148,2026-04-18
CDR2972,P124,P108,1082,2026-01-15
CDR2973,P129,P006,351,2026-09-03
CDR2974,P071,P034,603,2026-04-04
CDR2975,P012,P145,134,2025-10-15
CDR2976,P049,P102,1023,2026-05-21
CDR2977,P137,P132,163,2025-11-15
CDR2978,P043,P113,1547,2025-12-09
CDR2979,P131,P099,1161,2025-09-14
CDR2980,P100,P103,1253,2026-07-31
CDR2981,P070,P053,386,2026-07-02
CDR2982,P001,P041,1181,2025-10-26
CDR2983,P056,P003,1629,2026-08-17
CDR2984,P132,P117,1041,2026-04-17
CDR2985,P135,P067,631,2026-06-09
CDR2986,P057,P076,1460,2026-02-18
CDR2987,P069,P142,253,2026-04-01
CDR2988,P044,P058,103,2026-02-28
CDR2989,P137,P061,607,2025-12-17
CDR2990,P011,P038,578,2026-03-26
CDR2991,P035,P070,1798,2026-07-17
CDR2992,P014,P064,1696,2025-11-17
CDR2993,P054,P137,247,2026-03-16
CDR2994,P001,P089,1305,2025-09-21
CDR2995,P095,P084,180,2025-10-24
CDR2996,P141,P068,1488,2026-01-02
CDR2997,P035,P105,1262,2026-03-23
CDR2998,P076,P084,127,2026-04-10
CDR2999,P003,P092,459,2026-04-30
CDR3000,P072,P046,534,2026-05-09
